,Market Crash (-30%),Severe Crash (-50%),Moderate Drawdown (-15%),Bull Shock (+20%),Volatility Spike
2020-01-03,-0.29936185938099547,-0.4993618593809954,-0.14936185938099544,0.20063814061900456,0.0015953515475113783
2020-01-06,-0.2863838423767577,-0.4863838423767577,-0.13638384237675769,0.21361615762324232,0.03404039405810577
2020-01-07,-0.293910996797771,-0.49391099679777106,-0.14391099679777103,0.20608900320222898,0.015222508005572413
2020-01-08,-0.2777251484756469,-0.4777251484756469,-0.1277251484756469,0.2222748515243531,0.05568712881088275
2020-01-09,-0.2942915291124313,-0.49429152911243124,-0.14429152911243126,0.20570847088756875,0.014271177218921835
2020-01-10,-0.30050531220571974,-0.5005053122057197,-0.15050531220571972,0.19949468779428028,-0.001263280514299317
2020-01-13,-0.26556942456965743,-0.46556942456965744,-0.11556942456965744,0.23443057543034257,0.0860764385758564
2020-01-14,-0.3003663204040222,-0.5003663204040223,-0.15036632040402226,0.19963367959597775,-0.0009158010100556585
2020-01-15,-0.30702419384247753,-0.5070241938424775,-0.15702419384247754,0.19297580615752247,-0.01756048460619386
2020-01-16,-0.2925318391887154,-0.4925318391887154,-0.1425318391887154,0.2074681608112846,0.01867040202821149
2020-01-17,-0.29234797931208356,-0.49234797931208363,-0.1423479793120836,0.2076520206879164,0.019130051719791
2020-01-21,-0.28394216015555873,-0.48394216015555874,-0.13394216015555874,0.21605783984444127,0.04014459961110314
2020-01-22,-0.28983205206403595,-0.48983205206403596,-0.13983205206403596,0.21016794793596405,0.025419869839910098
2020-01-23,-0.2959806146168088,-0.4959806146168088,-0.1459806146168088,0.2040193853831912,0.010048463457977969
2020-01-24,-0.3098172968422387,-0.5098172968422388,-0.1598172968422387,0.1901827031577613,-0.024543242105596746
2020-01-27,-0.32013436176964255,-0.5201343617696426,-0.17013436176964256,0.17986563823035745,-0.050335904424106404
2020-01-28,-0.2807970175876746,-0.4807970175876746,-0.13079701758767462,0.2192029824123254,0.04800745603081344
2020-01-29,-0.28361025745176044,-0.48361025745176045,-0.13361025745176044,0.21638974254823956,0.040974356370598874
2020-01-30,-0.26804816213458715,-0.4680481621345871,-0.11804816213458713,0.23195183786541287,0.07987959466353216
2020-01-31,-0.31467748866277456,-0.5146774886627745,-0.16467748866277457,0.18532251133722544,-0.036693721656936434
2020-02-03,-0.2807867883046245,-0.4807867883046245,-0.13078678830462453,0.21921321169537547,0.048033029238438676
2020-02-04,-0.28766118719728095,-0.48766118719728097,-0.13766118719728093,0.21233881280271907,0.03084703200679763
2020-02-05,-0.2973220799377933,-0.4973220799377933,-0.14732207993779328,0.20267792006220672,0.006694800155516777
2020-02-06,-0.2828327302655302,-0.4828327302655302,-0.13283273026553022,0.21716726973446981,0.042918174336174474
2020-02-07,-0.3034810177657206,-0.5034810177657206,-0.15348101776572062,0.19651898223427938,-0.008702544414301582
2020-02-10,-0.2833145970378763,-0.4833145970378763,-0.13331459703787635,0.21668540296212366,0.04171350740530913
2020-02-11,-0.30903911151952596,-0.509039111519526,-0.15903911151952596,0.19096088848047404,-0.022597778798814902
2020-02-12,-0.28926468893571955,-0.48926468893571956,-0.13926468893571955,0.21073531106428045,0.0268382776607011
2020-02-13,-0.30493621750798905,-0.5049362175079891,-0.15493621750798905,0.19506378249201095,-0.012340543769972677
2020-02-14,-0.29574370778560616,-0.49574370778560617,-0.1457437077856062,0.20425629221439381,0.010640730535984525
2020-02-18,-0.30333271446577276,-0.5033327144657728,-0.1533327144657728,0.19666728553422722,-0.008331786164431983
2020-02-19,-0.29252417157580024,-0.49252417157580025,-0.14252417157580022,0.2074758284241998,0.01868957106049941
2020-02-20,-0.3101876483066114,-0.5101876483066113,-0.16018764830661136,0.18981235169338861,-0.025469120766528457
2020-02-21,-0.3251184946106172,-0.5251184946106172,-0.1751184946106172,0.1748815053893828,-0.06279623652654302
2020-02-24,-0.34448886412901186,-0.5444888641290119,-0.19448886412901187,0.15551113587098814,-0.11122216032252967
2020-02-25,-0.3247942693084848,-0.5247942693084848,-0.1747942693084848,0.1752057306915152,-0.061985673271212016
2020-02-26,-0.2895285330057693,-0.4895285330057693,-0.13952853300576928,0.21047146699423072,0.026178667485576762
2020-02-27,-0.3629470836750477,-0.5629470836750478,-0.21294708367504772,0.13705291632495228,-0.15736770918761933
2020-02-28,-0.2870590020245124,-0.48705900202451236,-0.13705900202451238,0.21294099797548763,0.03235249493871904
2020-03-02,-0.26283211032025616,-0.4628321103202562,-0.11283211032025615,0.23716788967974384,0.0929197241993596
2020-03-03,-0.33435274848105884,-0.5343527484810588,-0.18435274848105884,0.16564725151894116,-0.08588187120264712
2020-03-04,-0.2663558226859872,-0.4663558226859872,-0.11635582268598718,0.23364417731401282,0.08411044328503203
2020-03-05,-0.34866862976981844,-0.5486686297698185,-0.19866862976981844,0.15133137023018156,-0.12167157442454613
2020-03-06,-0.31564024419736386,-0.5156402441973639,-0.16564024419736387,0.18435975580263614,-0.03910061049340969
2020-03-09,-0.36380884295056753,-0.5638088429505675,-0.21380884295056754,0.13619115704943247,-0.15952210737641886
2020-03-10,-0.24666655705900736,-0.4466665570590074,-0.09666655705900735,0.25333344294099264,0.1333336073524816
2020-03-11,-0.3507501353453007,-0.5507501353453007,-0.2007501353453007,0.1492498646546993,-0.12687533836325177
2020-03-12,-0.38268805983090465,-0.5826880598309047,-0.23268805983090465,0.11731194016909535,-0.20672014957726165
2020-03-13,-0.20598351704908305,-0.4059835170490831,-0.055983517049083054,0.294016482950917,0.23504120737729234
2020-03-16,-0.41100821509341534,-0.6110082150934153,-0.2610082150934153,0.08899178490658469,-0.2775205377335383
2020-03-17,-0.26728844330793383,-0.46728844330793384,-0.11728844330793384,0.23271155669206617,0.0817788917301654
2020-03-18,-0.320539490862963,-0.520539490862963,-0.17053949086296302,0.17946050913703698,-0.05134872715740758
2020-03-19,-0.2831418652393444,-0.48314186523934444,-0.13314186523934443,0.21685813476065557,0.04214533690163891
2020-03-20,-0.338528123461138,-0.538528123461138,-0.18852812346113798,0.16147187653886202,-0.09632030865284498
2020-03-23,-0.3146411439146796,-0.5146411439146796,-0.16464114391467963,0.18535885608532038,-0.03660285978669909
2020-03-24,-0.22633100129999256,-0.4263310012999926,-0.07633100129999257,0.27366899870000744,0.18417249675001857
2020-03-25,-0.32818089233066877,-0.5281808923306688,-0.17818089233066878,0.17181910766933123,-0.07045223082667196
2020-03-26,-0.24624890416790585,-0.44624890416790586,-0.09624890416790584,0.25375109583209415,0.13437773958023538
2020-03-27,-0.3439337001163099,-0.5439337001163099,-0.19393370011630992,0.15606629988369008,-0.10983425029077482
2020-03-30,-0.267489305478604,-0.467489305478604,-0.117489305478604,0.232510694521396,0.08127673630348999
2020-03-31,-0.2860570913662534,-0.4860570913662534,-0.1360570913662534,0.2139429086337466,0.03485727158436646
2020-04-01,-0.34536873330720846,-0.5453687333072085,-0.19536873330720847,0.15463126669279154,-0.1134218332680212
2020-04-02,-0.28273189060432957,-0.4827318906043296,-0.1327318906043296,0.2172681093956704,0.04317027348917598
2020-04-03,-0.31433771989974685,-0.5143377198997469,-0.16433771989974685,0.18566228010025315,-0.035844299749367134
2020-04-06,-0.2192844121033093,-0.4192844121033093,-0.06928441210330931,0.2807155878966907,0.20178896974172672
2020-04-07,-0.3079039822565948,-0.5079039822565948,-0.1579039822565948,0.19209601774340518,-0.019759955641487047
2020-04-08,-0.28173268248037464,-0.48173268248037465,-0.13173268248037465,0.21826731751962536,0.045668293799063356
2020-04-09,-0.2972647561243744,-0.49726475612437443,-0.1472647561243744,0.2027352438756256,0.006838109689063992
2020-04-13,-0.2910791488921734,-0.4910791488921734,-0.1410791488921734,0.2089208511078266,0.022302127769566485
2020-04-14,-0.25229610766701166,-0.45229610766701167,-0.10229610766701167,0.24770389233298834,0.11925973083247084
2020-04-15,-0.3084732570015896,-0.5084732570015896,-0.1584732570015896,0.1915267429984104,-0.02118314250397402
2020-04-16,-0.2861902649575585,-0.4861902649575585,-0.13619026495755848,0.21380973504244152,0.03452433760610375
2020-04-17,-0.29663985542699817,-0.4966398554269982,-0.14663985542699817,0.20336014457300183,0.00840036143250453
2020-04-20,-0.3180711742682023,-0.5180711742682024,-0.16807117426820234,0.1819288257317977,-0.04517793567050583
2020-04-21,-0.337348140490429,-0.537348140490429,-0.187348140490429,0.162651859509571,-0.09337035122607253
2020-04-22,-0.2663917846245482,-0.4663917846245482,-0.11639178462454822,0.2336082153754518,0.08402053843862944
2020-04-23,-0.3025738155349757,-0.5025738155349757,-0.15257381553497573,0.19742618446502427,-0.0064345388374393245
2020-04-24,-0.2829697784778018,-0.4829697784778018,-0.1329697784778018,0.2170302215221982,0.04257555380549549
2020-04-27,-0.3016104765970988,-0.5016104765970988,-0.15161047659709878,0.19838952340290122,-0.00402619149274695
2020-04-28,-0.3242511381746567,-0.5242511381746567,-0.17425113817465668,0.17574886182534333,-0.060627845436641736
2020-04-29,-0.24636118765212453,-0.44636118765212457,-0.09636118765212454,0.25363881234787544,0.13409703086968863
2020-04-30,-0.2876633547408096,-0.48766335474080963,-0.13766335474080965,0.21233664525919035,0.030841613147975875
2020-05-01,-0.3414557869766193,-0.5414557869766193,-0.19145578697661933,0.15854421302338068,-0.10363946744154834
2020-05-04,-0.2678340451501079,-0.4678340451501079,-0.1178340451501079,0.2321659548498921,0.08041488712473024
2020-05-05,-0.2866776657475555,-0.4866776657475555,-0.1366776657475555,0.2133223342524445,0.03330583563111125
2020-05-06,-0.2909872962449128,-0.4909872962449129,-0.14098729624491285,0.20901270375508715,0.022531759387717856
2020-05-07,-0.29208633153482844,-0.4920863315348285,-0.14208633153482847,0.20791366846517154,0.019784171162928813
2020-05-08,-0.27707825351526477,-0.4770782535152648,-0.12707825351526478,0.22292174648473523,0.05730436621183804
2020-05-11,-0.2930767199913188,-0.4930767199913188,-0.1430767199913188,0.2069232800086812,0.017308200021702996
2020-05-12,-0.314002093451334,-0.514002093451334,-0.16400209345133399,0.18599790654866602,-0.03500523362833498
2020-05-13,-0.3172970776727039,-0.5172970776727039,-0.16729707767270388,0.18270292232729612,-0.04324269418175972
2020-05-14,-0.29220962503375175,-0.49220962503375176,-0.14220962503375176,0.20779037496624825,0.019475937415620592
2020-05-15,-0.29598567940217557,-0.49598567940217564,-0.1459856794021756,0.2040143205978244,0.010035801494560972
2020-05-18,-0.2852403808235335,-0.4852403808235335,-0.13524038082353348,0.21475961917646652,0.036899047941166274
2020-05-19,-0.30679067404249005,-0.5067906740424901,-0.15679067404249006,0.19320932595750995,-0.01697668510622516
2020-05-20,-0.2832848960244124,-0.48328489602441244,-0.13328489602441243,0.21671510397558758,0.04178775993896891
2020-05-21,-0.30187266832056725,-0.5018726683205673,-0.15187266832056728,0.19812733167943272,-0.004681670801418222
2020-05-22,-0.3001616073984586,-0.5001616073984586,-0.1501616073984586,0.1998383926015414,-0.00040401849614651875
2020-05-26,-0.30255744973523696,-0.502557449735237,-0.15255744973523697,0.19744255026476304,-0.00639362433809243
2020-05-27,-0.29802033519979026,-0.4980203351997903,-0.14802033519979027,0.20197966480020974,0.00494916200052431
2020-05-28,-0.30504467192720497,-0.505044671927205,-0.155044671927205,0.194955328072795,-0.01261167981801252
2020-05-29,-0.2864866847794569,-0.4864866847794569,-0.13648668477945688,0.21351331522054312,0.033783288051357774
2020-06-01,-0.27809887333754624,-0.4780988733375462,-0.12809887333754622,0.2219011266624538,0.05475281665613445
2020-06-02,-0.2993105774908298,-0.49931057749082974,-0.14931057749082977,0.20068942250917024,0.0017235562729255721
2020-06-03,-0.29811169789384817,-0.4981116978938481,-0.14811169789384815,0.20188830210615186,0.004720755265379614
2020-06-04,-0.31491660755998163,-0.5149166075599816,-0.1649166075599816,0.1850833924400184,-0.03729151889995404
2020-06-05,-0.2762355096988726,-0.4762355096988726,-0.12623550969887262,0.22376449030112738,0.05941122575281843
2020-06-08,-0.27740499699134785,-0.47740499699134786,-0.12740499699134786,0.22259500300865215,0.05648750752163034
2020-06-09,-0.29097824495612246,-0.4909782449561225,-0.1409782449561225,0.20902175504387752,0.022554387609693763
2020-06-10,-0.260206013893237,-0.460206013893237,-0.110206013893237,0.239793986106763,0.09948496526690748
2020-06-11,-0.34873673930813226,-0.5487367393081323,-0.19873673930813227,0.15126326069186774,-0.12184184827033068
2020-06-12,-0.3038573953631387,-0.5038573953631387,-0.15385739536313872,0.19614260463686128,-0.009643488407846817
2020-06-15,-0.2792631389272451,-0.4792631389272451,-0.12926313892724509,0.22073686107275492,0.05184215268188727
2020-06-16,-0.2854339118813406,-0.48543391188134066,-0.13543391188134063,0.21456608811865938,0.03641522029664841
2020-06-17,-0.2955680960264907,-0.49556809602649066,-0.14556809602649068,0.20443190397350933,0.01107975993377329
2020-06-18,-0.2967675162332337,-0.4967675162332337,-0.1467675162332337,0.2032324837667663,0.008081209416915744
2020-06-19,-0.30441862701877753,-0.5044186270187776,-0.15441862701877757,0.19558137298122244,-0.011046567546943928
2020-06-22,-0.2846424778674591,-0.4846424778674591,-0.13464247786745911,0.2153575221325409,0.0383938053313522
2020-06-23,-0.2889569343104625,-0.4889569343104625,-0.1389569343104625,0.2110430656895375,0.027607664223843753
2020-06-24,-0.3252047463155887,-0.5252047463155888,-0.17520474631558874,0.17479525368441126,-0.06301186578897187
2020-06-25,-0.285349341156403,-0.485349341156403,-0.13534934115640299,0.21465065884359702,0.03662664710899252
2020-06-26,-0.3334628099504858,-0.5334628099504858,-0.18346280995048578,0.16653719004951423,-0.08365702487621446
2020-06-29,-0.27218162485900654,-0.47218162485900655,-0.12218162485900655,0.22781837514099346,0.06954593785248361
2020-06-30,-0.2707334348160937,-0.4707334348160937,-0.1207334348160937,0.2292665651839063,0.07316641295976575
2020-07-01,-0.2928410731230024,-0.4928410731230024,-0.14284107312300243,0.20715892687699758,0.017897317192493944
2020-07-02,-0.2912048009409108,-0.4912048009409108,-0.14120480094091076,0.20879519905908925,0.021987997647723065
2020-07-06,-0.2768409985196862,-0.4768409985196862,-0.12684099851968617,0.22315900148031384,0.057897503700784544
2020-07-07,-0.307188756283253,-0.507188756283253,-0.15718875628325296,0.19281124371674704,-0.017971890708132446
2020-07-08,-0.2826047566892592,-0.48260475668925923,-0.13260475668925925,0.21739524331074075,0.04348810827685187
2020-07-09,-0.29287390983173117,-0.4928739098317312,-0.14287390983173118,0.20712609016826883,0.01781522542067207
2020-07-10,-0.29342172287097806,-0.4934217228709781,-0.14342172287097804,0.20657827712902196,0.016445692822554876
2020-07-13,-0.31823010781331246,-0.5182301078133125,-0.1682301078133125,0.18176989218668752,-0.04557526953328123
2020-07-14,-0.2903558626890177,-0.4903558626890177,-0.14035586268901773,0.20964413731098228,0.024110343277455665
2020-07-15,-0.299727889083341,-0.49972788908334104,-0.149727889083341,0.200272110916659,0.0006802772916474641
2020-07-16,-0.30951851278004155,-0.5095185127800416,-0.15951851278004156,0.19048148721995845,-0.023796281950103897
2020-07-17,-0.3028712350897898,-0.5028712350897898,-0.1528712350897898,0.1971287649102102,-0.007178087724474566
2020-07-20,-0.26776584943289977,-0.4677658494328998,-0.11776584943289979,0.23223415056710023,0.08058537641775051
2020-07-21,-0.310566835491102,-0.5105668354911019,-0.16056683549110198,0.18943316450889802,-0.026417088727754973
2020-07-22,-0.2922235133381802,-0.4922235133381802,-0.14222351333818023,0.20777648666181978,0.019441216654549443
2020-07-23,-0.340811656320565,-0.5408116563205649,-0.19081165632056496,0.15918834367943502,-0.10202914080141245
2020-07-24,-0.303661568298298,-0.503661568298298,-0.153661568298298,0.196338431701702,-0.009153920745744996
2020-07-27,-0.2838086556936581,-0.4838086556936581,-0.13380865569365813,0.2161913443063419,0.0404783607658547
2020-07-28,-0.31508866686412806,-0.5150886668641281,-0.1650886668641281,0.1849113331358719,-0.03772166716032025
2020-07-29,-0.2853625607018169,-0.48536256070181694,-0.13536256070181693,0.21463743929818307,0.036593598245457645
2020-07-30,-0.2940629466555631,-0.4940629466555631,-0.14406294665556313,0.20593705334443688,0.014842633361092181
2020-07-31,-0.27388531063259974,-0.47388531063259975,-0.12388531063259972,0.22611468936740028,0.06528672341850067
2020-08-03,-0.27665557007640035,-0.47665557007640036,-0.12665557007640035,0.22334442992359965,0.05836107480899912
2020-08-04,-0.3051401441162019,-0.5051401441162019,-0.1551401441162019,0.19485985588379812,-0.012850360290504745
2020-08-05,-0.2971844261585693,-0.49718442615856934,-0.14718442615856933,0.20281557384143067,0.007038934603576636
2020-08-06,-0.27747604429387984,-0.47747604429387985,-0.12747604429387988,0.22252395570612013,0.05630988926530031
2020-08-07,-0.3140257879648771,-0.5140257879648772,-0.16402578796487713,0.18597421203512288,-0.03506446991219285
2020-08-10,-0.30145522523385493,-0.501455225233855,-0.15145522523385493,0.19854477476614507,-0.003638063084637365
2020-08-11,-0.3204788447007169,-0.5204788447007169,-0.17047884470071692,0.1795211552992831,-0.0511971117517923
2020-08-12,-0.27408561638680384,-0.4740856163868038,-0.12408561638680382,0.22591438361319618,0.06478595903299043
2020-08-13,-0.29236721349845735,-0.49236721349845736,-0.14236721349845738,0.20763278650154263,0.019081966253856546
2020-08-14,-0.30263525766443516,-0.5026352576644352,-0.15263525766443517,0.19736474233556484,-0.006588144161087911
2020-08-17,-0.2961383535000434,-0.4961383535000434,-0.14613835350004342,0.20386164649995658,0.009654116249891445
2020-08-18,-0.28552440544590335,-0.48552440544590336,-0.13552440544590338,0.21447559455409662,0.036188986385241546
2020-08-19,-0.30422034179409896,-0.504220341794099,-0.154220341794099,0.195779658205901,-0.010550854485247486
2020-08-20,-0.2774969235031025,-0.4774969235031025,-0.12749692350310252,0.2225030764968975,0.05625769124224368
2020-08-21,-0.28686966719497303,-0.48686966719497304,-0.13686966719497304,0.21313033280502697,0.0328258320125674
2020-08-24,-0.29348916779560885,-0.49348916779560886,-0.14348916779560886,0.20651083220439115,0.016277080510977846
2020-08-25,-0.29362656830386213,-0.49362656830386215,-0.1436265683038621,0.2063734316961379,0.01593357924034468
2020-08-26,-0.2786264444153091,-0.4786264444153091,-0.1286264444153091,0.2213735555846909,0.05343388896172725
2020-08-27,-0.30000369224145645,-0.5000036922414565,-0.1500036922414565,0.19999630775854352,-9.23060364122234e-06
2020-08-28,-0.29490918812800515,-0.49490918812800516,-0.14490918812800513,0.20509081187199488,0.012727029679987146
2020-08-31,-0.2966607677479793,-0.4966607677479793,-0.14666076774797931,0.2033392322520207,0.0083480806300517
2020-09-01,-0.2800289220019242,-0.4800289220019242,-0.1300289220019242,0.2199710779980758,0.049927694995189495
2020-09-02,-0.2835398577310065,-0.4835398577310065,-0.1335398577310065,0.21646014226899352,0.04115035567248375
2020-09-03,-0.3623531452214861,-0.562353145221486,-0.21235314522148607,0.1376468547785139,-0.15588286305371524
2020-09-04,-0.3165142465232743,-0.5165142465232744,-0.16651424652327432,0.1834857534767257,-0.041285616308185835
2020-09-08,-0.35107244875912547,-0.5510724487591254,-0.20107244875912544,0.14892755124087456,-0.1276811218978136
2020-09-09,-0.26848824722011844,-0.46848824722011845,-0.11848824722011844,0.23151175277988156,0.0787793819497039
2020-09-10,-0.32464229267886935,-0.5246422926788694,-0.17464229267886938,0.17535770732113062,-0.06160573169717346
2020-09-11,-0.3086947386345703,-0.5086947386345704,-0.15869473863457034,0.19130526136542966,-0.021736846586425853
2020-09-14,-0.2897627489569684,-0.4897627489569684,-0.1397627489569684,0.2102372510430316,0.025593127607578946
2020-09-15,-0.2884359102990405,-0.4884359102990405,-0.13843591029904048,0.21156408970095952,0.0289102242523988
2020-09-16,-0.31934440992138086,-0.5193444099213809,-0.16934440992138086,0.18065559007861914,-0.04836102480345214
2020-09-17,-0.31440300424876144,-0.5144030042487614,-0.16440300424876142,0.18559699575123859,-0.03600751062190357
2020-09-18,-0.3222044127037703,-0.5222044127037703,-0.1722044127037703,0.1777955872962297,-0.05551103175942576
2020-09-21,-0.29566038489417945,-0.49566038489417946,-0.14566038489417946,0.20433961510582055,0.010849037764551345
2020-09-22,-0.278288667336349,-0.478288667336349,-0.12828866733634903,0.221711332663651,0.05427833165912745
2020-09-23,-0.33596879444935857,-0.5359687944493585,-0.18596879444935854,0.16403120555064146,-0.08992198612339637
2020-09-24,-0.2892341505372708,-0.4892341505372708,-0.1392341505372708,0.2107658494627292,0.02691462365682294
2020-09-25,-0.27743222769815284,-0.47743222769815286,-0.12743222769815282,0.22256777230184718,0.056419430754617916
2020-09-28,-0.2854967025967608,-0.4854967025967608,-0.13549670259676078,0.2145032974032392,0.03625824350809801
2020-09-29,-0.304294540599983,-0.504294540599983,-0.154294540599983,0.19570545940001702,-0.010736351499957504
2020-09-30,-0.2908008486749561,-0.4908008486749561,-0.1408008486749561,0.2091991513250439,0.022997878312609715
2020-10-01,-0.2807076053560119,-0.4807076053560119,-0.13070760535601192,0.2192923946439881,0.04823098660997019
2020-10-02,-0.339209119979269,-0.539209119979269,-0.189209119979269,0.160790880020731,-0.09802279994817253
2020-10-05,-0.27611267290269753,-0.47611267290269754,-0.12611267290269754,0.22388732709730247,0.059718317743256144
2020-10-06,-0.32483165944556525,-0.5248316594455653,-0.17483165944556525,0.17516834055443475,-0.06207914861391314
2020-10-07,-0.2829844846951741,-0.48298448469517413,-0.13298448469517413,0.21701551530482588,0.04253878826206467
2020-10-08,-0.2945914051117108,-0.49459140511171085,-0.1445914051117108,0.2054085948882892,0.013521487220722953
2020-10-09,-0.2797713998088394,-0.4797713998088394,-0.12977139980883942,0.22022860019116058,0.05057150047790143
2020-10-12,-0.26396511749541157,-0.4639651174954116,-0.11396511749541158,0.23603488250458843,0.09008720626147104
2020-10-13,-0.3021214156960077,-0.5021214156960077,-0.15212141569600768,0.19787858430399233,-0.005303539240019209
2020-10-14,-0.29443048194846216,-0.4944304819484622,-0.14443048194846217,0.20556951805153784,0.013923795128844563
2020-10-15,-0.3105063649881165,-0.5105063649881165,-0.16050636498811652,0.1894936350118835,-0.02626591247029131
2020-10-16,-0.3064039609542584,-0.5064039609542584,-0.15640396095425843,0.19359603904574157,-0.01600990238564609
2020-10-19,-0.32370636110273965,-0.5237063611027397,-0.17370636110273965,0.17629363889726035,-0.05926590275684915
2020-10-20,-0.29788555634994307,-0.497885556349943,-0.14788555634994305,0.20211444365005696,0.005286109125142366
2020-10-21,-0.2947661276315263,-0.4947661276315263,-0.1447661276315263,0.2052338723684737,0.013084680921184241
2020-10-22,-0.2969727845438936,-0.4969727845438936,-0.1469727845438936,0.2030272154561064,0.007568038640266006
2020-10-23,-0.2990312585286564,-0.49903125852865643,-0.14903125852865642,0.20096874147134358,0.002421853678358926
2020-10-26,-0.31499784618737003,-0.51499784618737,-0.16499784618737,0.18500215381263,-0.037494615468425044
2020-10-27,-0.288071502066216,-0.488071502066216,-0.13807150206621602,0.211928497933784,0.029821244834459942
2020-10-28,-0.34861170977483424,-0.5486117097748342,-0.19861170977483422,0.15138829022516578,-0.12152927443708557
2020-10-29,-0.27691528953845185,-0.47691528953845186,-0.12691528953845185,0.22308471046154815,0.05771177615387035
2020-10-30,-0.32204315213942647,-0.5220431521394264,-0.17204315213942648,0.17795684786057353,-0.0551078803485662
2020-11-02,-0.29157146997508343,-0.4915714699750835,-0.14157146997508346,0.20842853002491654,0.021071325062291327
2020-11-03,-0.27277788307617246,-0.47277788307617247,-0.12277788307617246,0.22722211692382754,0.06805529230956883
2020-11-04,-0.2644646835212857,-0.4644646835212858,-0.11446468352128575,0.23553531647871426,0.08883829119678562
2020-11-05,-0.2709588066358679,-0.4709588066358679,-0.12095880663586792,0.2290411933641321,0.0726029834103302
2020-11-06,-0.3046773972030107,-0.5046773972030107,-0.15467739720301069,0.19532260279698932,-0.011693493007526728
2020-11-09,-0.31582365772869225,-0.5158236577286923,-0.1658236577286923,0.18417634227130772,-0.03955914432173073
2020-11-10,-0.3188752826771037,-0.5188752826771037,-0.1688752826771037,0.1811247173228963,-0.04718820669275925
2020-11-11,-0.27995397467666283,-0.47995397467666284,-0.12995397467666284,0.22004602532333717,0.050115063308342894
2020-11-12,-0.3054951059149743,-0.5054951059149744,-0.15549510591497434,0.19450489408502566,-0.013737764787435866
2020-11-13,-0.29674960584316407,-0.4967496058431641,-0.14674960584316407,0.20325039415683593,0.008125985392089807
2020-11-16,-0.29662607414586684,-0.4966260741458669,-0.14662607414586687,0.20337392585413314,0.008434814635332813
2020-11-17,-0.2861203104878375,-0.4861203104878375,-0.1361203104878375,0.21387968951216252,0.03469922378040627
2020-11-18,-0.2839523542321692,-0.4839523542321692,-0.1339523542321692,0.2160476457678308,0.040119114419576996
2020-11-19,-0.2881794151587206,-0.4881794151587206,-0.1381794151587206,0.2118205848412794,0.029551462103198506
2020-11-20,-0.31304536668637906,-0.513045366686379,-0.16304536668637903,0.18695463331362097,-0.0326134167159476
2020-11-23,-0.29235813516069703,-0.49235813516069704,-0.14235813516069704,0.20764186483930297,0.019104662098257397
2020-11-24,-0.27167404929579897,-0.471674049295799,-0.12167404929579897,0.22832595070420103,0.07081487676050255
2020-11-25,-0.289379414690664,-0.48937941469066404,-0.13937941469066403,0.21062058530933597,0.026551463273339904
2020-11-27,-0.28901082822039464,-0.48901082822039466,-0.13901082822039465,0.21098917177960536,0.02747292944901336
2020-11-30,-0.3083470790128676,-0.5083470790128676,-0.1583470790128676,0.1916529209871324,-0.020867697532169008
2020-12-01,-0.2769312277102451,-0.4769312277102451,-0.1269312277102451,0.2230687722897549,0.057671930724387255
2020-12-02,-0.30290244596957083,-0.5029024459695708,-0.15290244596957084,0.19709755403042917,-0.0072561149239271094
2020-12-03,-0.2909631910135422,-0.49096319101354224,-0.1409631910135422,0.2090368089864578,0.02259202246614446
2020-12-04,-0.2987115040679872,-0.49871150406798714,-0.14871150406798717,0.20128849593201284,0.0032212398300320716
2020-12-07,-0.28034946197905714,-0.48034946197905715,-0.13034946197905714,0.21965053802094286,0.049126345052357134
2020-12-08,-0.29368527257177396,-0.49368527257177397,-0.14368527257177396,0.20631472742822604,0.015786818570565075
2020-12-09,-0.33229491144778434,-0.5322949114477843,-0.1822949114477843,0.1677050885522157,-0.0807372786194608
2020-12-10,-0.2904040457163115,-0.49040404571631147,-0.1404040457163115,0.20959595428368852,0.023989885709221268
2020-12-11,-0.304332449230206,-0.504332449230206,-0.15433244923020603,0.19566755076979397,-0.010831123075515092
2020-12-14,-0.29100108601624886,-0.49100108601624887,-0.14100108601624886,0.20899891398375114,0.022497284959377833
2020-12-15,-0.28903498636791747,-0.4890349863679174,-0.13903498636791745,0.21096501363208256,0.02741253408020637
2020-12-16,-0.2989361238380061,-0.4989361238380061,-0.1489361238380061,0.2010638761619939,0.0026596904049847048
2020-12-17,-0.28694133424149304,-0.48694133424149305,-0.13694133424149305,0.21305866575850696,0.03264666439626737
2020-12-18,-0.29242094925252743,-0.49242094925252744,-0.14242094925252743,0.20757905074747257,0.0189476268686814
2020-12-21,-0.30735646302221387,-0.5073564630222139,-0.1573564630222139,0.1926435369777861,-0.018391157555534762
2020-12-22,-0.2973108607314444,-0.4973108607314445,-0.14731086073144445,0.20268913926855556,0.006722848171388865
2020-12-23,-0.30151379017542324,-0.5015137901754233,-0.15151379017542327,0.19848620982457674,-0.0037844754385581852
2020-12-24,-0.2890705717925592,-0.4890705717925592,-0.1390705717925592,0.21092942820744082,0.027323570518602014
2020-12-28,-0.28249873391887925,-0.48249873391887926,-0.13249873391887926,0.21750126608112075,0.04375316520280184
2020-12-29,-0.3058075830273729,-0.5058075830273729,-0.1558075830273729,0.1941924169726271,-0.014518957568432286
2020-12-30,-0.2968085023137995,-0.4968085023137996,-0.14680850231379955,0.20319149768620046,0.007978744215501113
2020-12-31,-0.2953962596205608,-0.4953962596205609,-0.14539625962056085,0.20460374037943915,0.011509350948597855
2021-01-04,-0.3063318539033512,-0.5063318539033512,-0.15633185390335122,0.19366814609664879,-0.015829634758378064
2021-01-05,-0.29300428839088505,-0.49300428839088506,-0.14300428839088505,0.20699571160911495,0.017489279022787352
2021-01-06,-0.3086086479004201,-0.5086086479004202,-0.15860864790042012,0.1913913520995799,-0.02152161975105031
2021-01-07,-0.2570074440501797,-0.45700744405017973,-0.10700744405017973,0.24299255594982028,0.10748138987455066
2021-01-08,-0.27392640877367724,-0.47392640877367725,-0.12392640877367725,0.22607359122632276,0.06518397806580686
2021-01-11,-0.3333914036735627,-0.5333914036735626,-0.18339140367356266,0.16660859632643735,-0.08347850918390666
2021-01-12,-0.2943574802095841,-0.49435748020958414,-0.1443574802095841,0.2056425197904159,0.01410629947603971
2021-01-13,-0.2917168406379937,-0.4917168406379937,-0.1417168406379937,0.2082831593620063,0.020707898405015746
2021-01-14,-0.31239807307230394,-0.5123980730723039,-0.16239807307230394,0.18760192692769606,-0.030995182680759875
2021-01-15,-0.3100140537144451,-0.5100140537144451,-0.1600140537144451,0.1899859462855549,-0.025035134286112773
2021-01-19,-0.28075048931819435,-0.48075048931819436,-0.13075048931819436,0.21924951068180565,0.04812377670451409
2021-01-20,-0.26750771582934285,-0.46750771582934286,-0.11750771582934286,0.23249228417065715,0.08123071042664284
2021-01-21,-0.29116203484409686,-0.4911620348440968,-0.14116203484409684,0.20883796515590317,0.022094912889757887
2021-01-22,-0.29310889707680887,-0.4931088970768089,-0.14310889707680888,0.20689110292319113,0.017227757307977792
2021-01-25,-0.27924799175143533,-0.4792479917514353,-0.1292479917514353,0.2207520082485647,0.05188002062141171
2021-01-26,-0.2935324203294979,-0.4935324203294979,-0.1435324203294979,0.2064675796705021,0.01616894917625525
2021-01-27,-0.31793939135190985,-0.5179393913519099,-0.16793939135190986,0.18206060864809015,-0.04484847837977465
2021-01-28,-0.30617170399849436,-0.5061717039984943,-0.15617170399849434,0.19382829600150567,-0.015429259996235858
2021-01-29,-0.3328590550257672,-0.5328590550257671,-0.18285905502576716,0.16714094497423285,-0.08214763756441791
2021-02-01,-0.26406645300065446,-0.46406645300065447,-0.11406645300065446,0.23593354699934554,0.08983386749836383
2021-02-02,-0.2853044816165795,-0.48530448161657946,-0.1353044816165795,0.21469551838342052,0.03673879595855127
2021-02-03,-0.284995976849745,-0.48499597684974505,-0.13499597684974501,0.215004023150255,0.03751005787563745
2021-02-04,-0.2968838380376927,-0.4968838380376927,-0.1468838380376927,0.2031161619623073,0.007790404905768239
2021-02-05,-0.29560036766042563,-0.4956003676604257,-0.14560036766042567,0.20439963233957434,0.010999080848935819
2021-02-08,-0.2967710571796638,-0.49677105717966374,-0.14677105717966377,0.20322894282033624,0.00807235705084057
2021-02-09,-0.3054679718683021,-0.5054679718683022,-0.15546797186830213,0.19453202813169787,-0.013669929670755351
2021-02-10,-0.31382731997228525,-0.5138273199722853,-0.16382731997228525,0.18617268002771475,-0.03456829993071314
2021-02-11,-0.2965753159071308,-0.49657531590713083,-0.14657531590713083,0.20342468409286918,0.00856171023217292
2021-02-12,-0.29669034317610965,-0.49669034317610966,-0.14669034317610966,0.20330965682389035,0.008274142059725847
2021-02-16,-0.30932465263312225,-0.5093246526331222,-0.15932465263312223,0.19067534736687777,-0.023311631582805595
2021-02-17,-0.3019599292185309,-0.5019599292185308,-0.15195992921853088,0.19804007078146912,-0.0048998230463272174
2021-02-18,-0.3072572418891585,-0.5072572418891585,-0.1572572418891585,0.19274275811084152,-0.018143104722896236
2021-02-19,-0.3064102809984606,-0.5064102809984606,-0.15641028099846063,0.19358971900153937,-0.016025702496151595
2021-02-22,-0.3398408401080478,-0.5398408401080478,-0.1898408401080478,0.1601591598919522,-0.09960210027011952
2021-02-23,-0.3063549771571613,-0.5063549771571614,-0.15635497715716132,0.1936450228428387,-0.01588744289290331
2021-02-24,-0.2812594251928782,-0.48125942519287823,-0.13125942519287823,0.21874057480712178,0.04685143701780442
2021-02-25,-0.34238359857672984,-0.5423835985767298,-0.19238359857672982,0.15761640142327019,-0.10595899644182456
2021-02-26,-0.29752666537469535,-0.49752666537469536,-0.14752666537469536,0.20247333462530465,0.006183336563261588
2021-03-01,-0.2698566587742359,-0.46985665877423594,-0.11985665877423594,0.23014334122576405,0.07535835306441012
2021-03-02,-0.31147457439658865,-0.5114745743965886,-0.16147457439658863,0.18852542560341137,-0.028686435991471602
2021-03-03,-0.3250596315428062,-0.5250596315428062,-0.1750596315428062,0.1749403684571938,-0.06264907885701555
2021-03-04,-0.3017374669530136,-0.5017374669530137,-0.15173746695301363,0.19826253304698638,-0.004343667382534112
2021-03-05,-0.27881504972747323,-0.47881504972747324,-0.12881504972747326,0.22118495027252674,0.052962375681316835
2021-03-08,-0.3327791551426847,-0.5327791551426847,-0.1827791551426847,0.1672208448573153,-0.08194788785671175
2021-03-09,-0.27345101248565,-0.47345101248565,-0.12345101248565,0.22654898751435,0.06637246878587497
2021-03-10,-0.3042322771064614,-0.5042322771064615,-0.15423227710646142,0.1957677228935386,-0.010580692766153539
2021-03-11,-0.2775917090208581,-0.4775917090208581,-0.12759170902085815,0.2224082909791419,0.056020727447854655
2021-03-12,-0.3133143449668389,-0.5133143449668389,-0.16331434496683894,0.18668565503316106,-0.033285862417097356
2021-03-15,-0.29368057254733904,-0.49368057254733905,-0.143680572547339,0.20631942745266096,0.015798568631652417
2021-03-16,-0.2874488835724351,-0.4874488835724351,-0.13744888357243507,0.2125511164275649,0.03137779106891229
2021-03-17,-0.30307006850840273,-0.5030700685084027,-0.15307006850840277,0.19692993149159724,-0.0076751712710069
2021-03-18,-0.3285556518800755,-0.5285556518800756,-0.17855565188007555,0.17144434811992446,-0.07138912970018887
2021-03-19,-0.3005846141971695,-0.5005846141971695,-0.15058461419716945,0.19941538580283055,-0.0014615354929236502
2021-03-22,-0.2841671267539427,-0.4841671267539427,-0.13416712675394266,0.21583287324605735,0.03958218311514334
2021-03-23,-0.29700392021905425,-0.49700392021905426,-0.14700392021905426,0.20299607978094575,0.007490199452364313
2021-03-24,-0.3102062134543593,-0.5102062134543593,-0.16020621345435931,0.18979378654564072,-0.025515533635898265
2021-03-25,-0.30362184028016914,-0.5036218402801692,-0.15362184028016918,0.19637815971983083,-0.009054600700422943
2021-03-26,-0.2938287003008749,-0.4938287003008749,-0.14382870030087488,0.20617129969912512,0.015428249247812756
2021-03-29,-0.29777895920939945,-0.49777895920939946,-0.14777895920939949,0.20222104079060052,0.005552601976501301
2021-03-30,-0.3086295160176703,-0.5086295160176703,-0.15862951601767028,0.19137048398232973,-0.021573790044175714
2021-03-31,-0.2864061244092133,-0.48640612440921327,-0.1364061244092133,0.2135938755907867,0.033984688976966757
2021-04-01,-0.2852430890801694,-0.48524308908016933,-0.13524308908016935,0.21475691091983065,0.0368922772995766
2021-04-05,-0.26583652496331756,-0.46583652496331757,-0.11583652496331756,0.23416347503668244,0.08540868759170608
2021-04-06,-0.30048265999140095,-0.500482659991401,-0.15048265999140095,0.19951734000859905,-0.0012066499785023943
2021-04-07,-0.2992576593622184,-0.49925765936221844,-0.1492576593622184,0.2007423406377816,0.0018558515944539639
2021-04-08,-0.28530848621850374,-0.48530848621850375,-0.13530848621850375,0.21469151378149626,0.036728784453740615
2021-04-09,-0.29259361498820624,-0.4925936149882063,-0.14259361498820627,0.20740638501179373,0.0185159625294843
2021-04-12,-0.2974330270711494,-0.49743302707114945,-0.14743302707114941,0.2025669729288506,0.006417432322126451
2021-04-13,-0.2685300606359204,-0.4685300606359204,-0.11853006063592039,0.2314699393640796,0.078674848410199
2021-04-14,-0.31850648015660554,-0.5185064801566056,-0.16850648015660558,0.18149351984339443,-0.046266200391513954
2021-04-15,-0.28460155412904625,-0.48460155412904626,-0.13460155412904626,0.21539844587095375,0.03849611467738434
2021-04-16,-0.2990029878551131,-0.4990029878551131,-0.1490029878551131,0.2009970121448869,0.002492530362217249
2021-04-19,-0.30864481536442123,-0.5086448153644212,-0.15864481536442124,0.19135518463557877,-0.02161203841105311
2021-04-20,-0.3030983186484675,-0.5030983186484675,-0.1530983186484675,0.1969016813515325,-0.007745796621168796
2021-04-21,-0.2883208596018702,-0.4883208596018702,-0.1383208596018702,0.2116791403981298,0.02919785099532446
2021-04-22,-0.31716616653465834,-0.5171661665346583,-0.16716616653465832,0.18283383346534168,-0.04291541633664582
2021-04-23,-0.283025439791874,-0.483025439791874,-0.133025439791874,0.216974560208126,0.04243640052031497
2021-04-26,-0.294621194993588,-0.49462119499358803,-0.14462119499358803,0.20537880500641198,0.013447012516029921
2021-04-27,-0.3136506822997327,-0.5136506822997328,-0.16365068229973273,0.18634931770026728,-0.03412670574933184
2021-04-28,-0.3043586895006699,-0.50435868950067,-0.15435868950066992,0.1956413104993301,-0.010896723751674803
2021-04-29,-0.3032146240751259,-0.5032146240751258,-0.1532146240751259,0.1967853759248741,-0.008036560187814762
2021-04-30,-0.29416486176333434,-0.4941648617633344,-0.14416486176333437,0.20583513823666563,0.014587845591664053
2021-05-03,-0.30846171317072113,-0.5084617131707212,-0.15846171317072114,0.19153828682927887,-0.021154282926802853
2021-05-04,-0.32128215586827147,-0.5212821558682715,-0.1712821558682715,0.1787178441317285,-0.05320538967067877
2021-05-05,-0.3015656821429856,-0.5015656821429857,-0.15156568214298563,0.19843431785701438,-0.00391420535746409
2021-05-06,-0.29363956211211,-0.49363956211211,-0.14363956211211001,0.20636043788789,0.01590109471972495
2021-05-07,-0.29078793329141106,-0.49078793329141107,-0.14078793329141107,0.20921206670858894,0.02303016677147232
2021-05-10,-0.33373439646706815,-0.5337343964670682,-0.18373439646706816,0.16626560353293185,-0.0843359911676704
2021-05-11,-0.3110314853031495,-0.5110314853031495,-0.16103148530314948,0.18896851469685053,-0.027578713257873713
2021-05-12,-0.3321825090175039,-0.5321825090175039,-0.18218250901750388,0.16781749098249613,-0.08045627254375971
2021-05-13,-0.29646216204079084,-0.49646216204079086,-0.14646216204079085,0.20353783795920916,0.008844594898022862
2021-05-14,-0.27588952108838477,-0.4758895210883848,-0.12588952108838478,0.22411047891161523,0.060276197279038046
2021-05-17,-0.3102128091537227,-0.5102128091537227,-0.16021280915372269,0.18978719084627732,-0.025532022884306727
2021-05-18,-0.3064383062684673,-0.5064383062684673,-0.1564383062684673,0.1935616937315327,-0.01609576567116827
2021-05-19,-0.305362889192042,-0.5053628891920421,-0.15536288919204205,0.19463711080795795,-0.013407222980105146
2021-05-20,-0.2758145746021712,-0.4758145746021712,-0.1258145746021712,0.22418542539782882,0.06046356349457202
2021-05-21,-0.30870035734855067,-0.5087003573485507,-0.15870035734855067,0.19129964265144933,-0.0217508933713767
2021-05-24,-0.27338665336934337,-0.4733866533693434,-0.12338665336934337,0.22661334663065663,0.06653336657664155
2021-05-25,-0.2999283909916233,-0.49992839099162323,-0.14992839099162325,0.20007160900837676,0.00017902252094186
2021-05-26,-0.2918186254227086,-0.4918186254227086,-0.1418186254227086,0.2081813745772914,0.0204534364432285
2021-05-27,-0.3037155836496105,-0.5037155836496106,-0.1537155836496105,0.1962844163503895,-0.009288959124026247
2021-05-28,-0.30225535958868555,-0.5022553595886856,-0.15225535958868558,0.19774464041131443,-0.005638398971713962
2021-06-01,-0.3015809293295886,-0.5015809293295885,-0.15158092932958855,0.19841907067041145,-0.003952323323971399
2021-06-02,-0.30693485252496755,-0.5069348525249676,-0.15693485252496758,0.19306514747503242,-0.01733713131241897
2021-06-03,-0.31970328563512823,-0.5197032856351282,-0.16970328563512824,0.18029671436487177,-0.049258214087820607
2021-06-04,-0.27373514647562447,-0.4737351464756245,-0.12373514647562447,0.22626485352437553,0.0656621338109388
2021-06-07,-0.2929710351290272,-0.49297103512902724,-0.14297103512902723,0.20702896487097278,0.017572412177431912
2021-06-08,-0.2984906266837997,-0.49849062668379973,-0.14849062668379973,0.20150937331620028,0.0037734332905006718
2021-06-09,-0.29935241857125516,-0.4993524185712551,-0.14935241857125514,0.20064758142874486,0.0016189535718621334
2021-06-10,-0.29064239864996133,-0.4906423986499614,-0.14064239864996136,0.20935760135003864,0.023394003375096575
2021-06-11,-0.29776480348503964,-0.4977648034850396,-0.14776480348503962,0.20223519651496039,0.005587991287400937
2021-06-14,-0.28741569173419107,-0.4874156917341911,-0.13741569173419108,0.21258430826580893,0.0314607706645223
2021-06-15,-0.3111311908081196,-0.5111311908081195,-0.16113119080811958,0.18886880919188043,-0.02782797702029896
2021-06-16,-0.29833392084547367,-0.4983339208454737,-0.14833392084547367,0.20166607915452633,0.004165197886315808
2021-06-17,-0.28724118114790675,-0.48724118114790677,-0.13724118114790676,0.21275881885209325,0.031897047130233086
2021-06-18,-0.30280041998109025,-0.5028004199810903,-0.15280041998109026,0.19719958001890975,-0.0070010499527256576
2021-06-21,-0.29261802088036953,-0.49261802088036954,-0.14261802088036954,0.20738197911963047,0.018454947799076138
2021-06-22,-0.29184773969572647,-0.4918477396957265,-0.14184773969572648,0.20815226030427353,0.020380650760683794
2021-06-23,-0.28863634677349137,-0.4886363467734914,-0.13863634677349138,0.21136365322650863,0.028409133066271547
2021-06-24,-0.288729112724569,-0.488729112724569,-0.138729112724569,0.211270887275431,0.028177218188577477
2021-06-25,-0.30561498847095897,-0.505614988470959,-0.15561498847095898,0.19438501152904103,-0.014037471177397454
2021-06-28,-0.28744891937667916,-0.48744891937667917,-0.13744891937667916,0.21255108062332084,0.03137770155830208
2021-06-29,-0.2990999956914018,-0.49909999569140184,-0.1490999956914018,0.2009000043085982,0.0022500107714954615
2021-06-30,-0.3010881913151864,-0.5010881913151864,-0.15108819131518642,0.1989118086848136,-0.002720478287966052
2021-07-01,-0.2973432404639188,-0.49734324046391876,-0.14734324046391878,0.20265675953608123,0.006641898840203039
2021-07-02,-0.28452042399188626,-0.4845204239918863,-0.13452042399188627,0.21547957600811374,0.03869894002028432
2021-07-06,-0.30138274699791645,-0.5013827469979164,-0.15138274699791646,0.19861725300208355,-0.003456867494791155
2021-07-07,-0.2985356219184516,-0.4985356219184516,-0.1485356219184516,0.2014643780815484,0.0036609452038709883
2021-07-08,-0.3031078212936478,-0.5031078212936477,-0.15310782129364775,0.19689217870635226,-0.007769553234119389
2021-07-09,-0.29391286548710266,-0.49391286548710267,-0.14391286548710266,0.20608713451289734,0.015217836282243324
2021-07-12,-0.2887587896304368,-0.4887587896304368,-0.13875878963043678,0.21124121036956323,0.028103025923908037
2021-07-13,-0.3001602356124977,-0.5001602356124977,-0.15016023561249772,0.19983976438750228,-0.00040058903124431944
2021-07-14,-0.29620620974475936,-0.4962062097447594,-0.14620620974475937,0.20379379025524064,0.009484475638101564
2021-07-15,-0.30504102355969864,-0.5050410235596987,-0.15504102355969865,0.19495897644030136,-0.012602558899246635
2021-07-16,-0.30511678683793286,-0.5051167868379329,-0.15511678683793287,0.19488321316206714,-0.012791967094832185
2021-07-19,-0.3141967901649064,-0.5141967901649064,-0.1641967901649064,0.1858032098350936,-0.03549197541226602
2021-07-20,-0.28232398940666387,-0.4823239894066639,-0.13232398940666387,0.21767601059333613,0.044190026483340306
2021-07-21,-0.2985346549715588,-0.4985346549715588,-0.1485346549715588,0.2014653450284412,0.0036633625711030016
2021-07-22,-0.2943097567440055,-0.49430975674400557,-0.14430975674400554,0.20569024325599447,0.014225608139986148
2021-07-23,-0.28776844443532934,-0.4877684444353294,-0.13776844443532937,0.21223155556467063,0.030578888911676552
2021-07-26,-0.2909611375878692,-0.4909611375878692,-0.14096113758786918,0.20903886241213082,0.022597156030327026
2021-07-27,-0.3158759772804721,-0.5158759772804721,-0.1658759772804721,0.1841240227195279,-0.03968994320118026
2021-07-28,-0.3032335996507516,-0.5032335996507515,-0.1532335996507516,0.19676640034924842,-0.008083999126878988
2021-07-29,-0.2865905079330509,-0.4865905079330509,-0.13659050793305091,0.2134094920669491,0.0335237301673727
2021-07-30,-0.2997903696427455,-0.4997903696427455,-0.1497903696427455,0.2002096303572545,0.0005240758931362305
2021-08-02,-0.2910664628967097,-0.49106646289670963,-0.14106646289670965,0.20893353710329035,0.02233384275822585
2021-08-03,-0.2942613269302624,-0.4942613269302624,-0.14426132693026242,0.2057386730697376,0.014346682674343941
2021-08-04,-0.3012724456108534,-0.5012724456108534,-0.1512724456108534,0.1987275543891466,-0.0031811140271335164
2021-08-05,-0.29420644015950587,-0.4942064401595059,-0.14420644015950587,0.20579355984049413,0.014483899601235306
2021-08-06,-0.3065013209088623,-0.5065013209088624,-0.15650132090886232,0.1934986790911377,-0.01625330227215581
2021-08-09,-0.2940566490667976,-0.4940566490667976,-0.1440566490667976,0.2059433509332024,0.014858377333005976
2021-08-10,-0.30362654853775956,-0.5036265485377596,-0.15362654853775956,0.19637345146224044,-0.009066371344398916
2021-08-11,-0.3006093713587826,-0.5006093713587826,-0.15060937135878258,0.19939062864121743,-0.001523428396956461
2021-08-12,-0.2859473940250127,-0.4859473940250127,-0.13594739402501269,0.21405260597498732,0.03513151493746827
2021-08-13,-0.2987534847247598,-0.4987534847247598,-0.1487534847247598,0.2012465152752402,0.0031162881881004884
2021-08-16,-0.30500422448733033,-0.5050042244873304,-0.15500422448733037,0.19499577551266964,-0.01251056121832593
2021-08-17,-0.3131902146529073,-0.5131902146529073,-0.16319021465290728,0.18680978534709272,-0.032975536632268224
2021-08-18,-0.3004925405596195,-0.5004925405596194,-0.15049254055961947,0.19950745944038054,-0.0012313513990486885
2021-08-19,-0.29922822462875664,-0.4992282246287567,-0.14922822462875668,0.20077177537124333,0.0019294384281082905
2021-08-20,-0.28576447604281024,-0.48576447604281026,-0.13576447604281025,0.21423552395718976,0.03558880989297436
2021-08-23,-0.28281947482906034,-0.48281947482906035,-0.13281947482906034,0.21718052517093966,0.04295131292734913
2021-08-24,-0.2987394797556896,-0.49873947975568955,-0.14873947975568957,0.20126052024431043,0.0031513006107760505
2021-08-25,-0.30068469294884675,-0.5006846929488468,-0.15068469294884676,0.19931530705115325,-0.0017117323721169142
2021-08-26,-0.3087744602492737,-0.5087744602492736,-0.1587744602492737,0.19122553975072631,-0.021936150623184242
2021-08-27,-0.2895707124850948,-0.4895707124850948,-0.1395707124850948,0.2104292875149052,0.02607321878726296
2021-08-30,-0.2809097085196285,-0.4809097085196285,-0.1309097085196285,0.2190902914803715,0.047725728700928755
2021-08-31,-0.30188211282068267,-0.5018821128206827,-0.1518821128206827,0.1981178871793173,-0.004705282051706769
2021-09-01,-0.29882260479918055,-0.4988226047991805,-0.14882260479918052,0.20117739520081948,0.0029434880020486748
2021-09-02,-0.3020554303256406,-0.5020554303256406,-0.1520554303256406,0.19794456967435942,-0.005138575814101487
2021-09-03,-0.2975840989572366,-0.4975840989572366,-0.1475840989572366,0.2024159010427634,0.006039752606908505
2021-09-07,-0.2890454097971138,-0.48904540979711386,-0.13904540979711383,0.21095459020288618,0.027386475507215416
2021-09-08,-0.30327230549675216,-0.5032723054967522,-0.15327230549675216,0.19672769450324784,-0.008180763741880426
2021-09-09,-0.3037610482917211,-0.5037610482917212,-0.15376104829172113,0.19623895170827887,-0.00940262072930284
2021-09-10,-0.3208900001545654,-0.5208900001545654,-0.17089000015456543,0.17910999984543458,-0.05222500038641359
2021-09-13,-0.2929395263989035,-0.49293952639890354,-0.14293952639890353,0.20706047360109647,0.017651184002741155
2021-09-14,-0.2996349961881103,-0.4996349961881103,-0.1496349961881103,0.2003650038118897,0.0009125095297242425
2021-09-15,-0.2873236326106966,-0.4873236326106966,-0.1373236326106966,0.2126763673893034,0.03169091847325847
2021-09-16,-0.3011239643463358,-0.5011239643463359,-0.15112396434633585,0.19887603565366416,-0.002809910865839635
2021-09-17,-0.31318264951735403,-0.513182649517354,-0.16318264951735403,0.18681735048264597,-0.0329566237933851
2021-09-20,-0.3239586344380596,-0.5239586344380596,-0.1739586344380596,0.17604136556194042,-0.05989658609514899
2021-09-21,-0.2944328680235688,-0.4944328680235688,-0.14443286802356878,0.20556713197643123,0.013917829941078042
2021-09-22,-0.2860165506723645,-0.4860165506723645,-0.13601655067236448,0.21398344932763552,0.03495862331908878
2021-09-23,-0.2953593259266641,-0.4953593259266641,-0.1453593259266641,0.20464067407333592,0.01160168518333976
2021-09-24,-0.29171709379853233,-0.49171709379853235,-0.14171709379853234,0.20828290620146767,0.020707265503669137
2021-09-27,-0.30346912574164464,-0.5034691257416446,-0.15346912574164465,0.19653087425835536,-0.00867281435411163
2021-09-28,-0.32875464593338655,-0.5287546459333865,-0.17875464593338655,0.17124535406661345,-0.0718866148334664
2021-09-29,-0.2998031970199351,-0.49980319701993503,-0.14980319701993505,0.20019680298006495,0.0004920074501623545
2021-09-30,-0.3083577402938137,-0.5083577402938138,-0.15835774029381372,0.19164225970618629,-0.020894350734534314
2021-10-01,-0.28568742198064573,-0.48568742198064574,-0.13568742198064573,0.21431257801935427,0.03578144504838565
2021-10-04,-0.31423833326511685,-0.5142383332651169,-0.1642383332651169,0.18576166673488312,-0.03559583316279223
2021-10-05,-0.2872638514333222,-0.48726385143332224,-0.13726385143332223,0.21273614856667777,0.03184037141669441
2021-10-06,-0.2918045703919565,-0.4918045703919565,-0.1418045703919565,0.2081954296080435,0.020488574020108702
2021-10-07,-0.2894427287943894,-0.48944272879438944,-0.13944272879438943,0.21055727120561057,0.02639317801402641
2021-10-08,-0.30167486304462343,-0.5016748630446234,-0.1516748630446234,0.1983251369553766,-0.004187157611558537
2021-10-11,-0.30078743463206836,-0.5007874346320684,-0.1507874346320684,0.1992125653679316,-0.001968586580171003
2021-10-12,-0.3029159513020485,-0.5029159513020486,-0.15291595130204855,0.19708404869795146,-0.007289878255121382
2021-10-13,-0.2942985776108763,-0.49429857761087626,-0.14429857761087628,0.20570142238912373,0.014253555972809293
2021-10-14,-0.28091146265238565,-0.48091146265238566,-0.13091146265238565,0.21908853734761435,0.04772134336903586
2021-10-15,-0.28890233064780657,-0.4889023306478066,-0.13890233064780658,0.21109766935219343,0.027744173380483544
2021-10-18,-0.284218330957191,-0.484218330957191,-0.13421833095719102,0.215781669042809,0.03945417260702244
2021-10-19,-0.29563668539347576,-0.49563668539347583,-0.1456366853934758,0.2043633146065242,0.010908286516310498
2021-10-20,-0.30182791094582695,-0.501827910945827,-0.15182791094582698,0.19817208905417302,-0.0045697773645674705
2021-10-21,-0.2881227899407394,-0.48812278994073943,-0.13812278994073943,0.21187721005926058,0.02969302514815142
2021-10-22,-0.3054996441172386,-0.5054996441172386,-0.15549964411723863,0.19450035588276138,-0.013749110293096584
2021-10-25,-0.26899606793695185,-0.46899606793695187,-0.11899606793695186,0.23100393206304815,0.07750983015762034
2021-10-26,-0.29719882377409196,-0.49719882377409197,-0.14719882377409196,0.20280117622590804,0.007002940564770077
2021-10-27,-0.27339693384169983,-0.4733969338416999,-0.12339693384169986,0.22660306615830014,0.06650766539575033
2021-10-28,-0.2839113299101903,-0.48391132991019026,-0.13391132991019028,0.21608867008980973,0.040221675224524286
2021-10-29,-0.28669271867799967,-0.4866927186779997,-0.13669271867799968,0.21330728132200033,0.0332682033050008
2021-11-01,-0.2894519802192017,-0.48945198021920167,-0.1394519802192017,0.21054801978079832,0.026370049451995767
2021-11-02,-0.29930330633360636,-0.4993033063336063,-0.14930330633360633,0.20069669366639367,0.0017417341659841518
2021-11-03,-0.28637946603084,-0.48637946603084004,-0.13637946603084003,0.21362053396915998,0.03405133492289991
2021-11-04,-0.29251875217341927,-0.49251875217341934,-0.1425187521734193,0.2074812478265807,0.018703119566451723
2021-11-05,-0.30003808869313586,-0.5000380886931359,-0.1500380886931359,0.1999619113068641,-9.522173283975366e-05
2021-11-08,-0.3126114661645159,-0.5126114661645159,-0.1626114661645159,0.1873885338354841,-0.03152866541128979
2021-11-09,-0.33030477778111533,-0.5303047777811153,-0.1803047777811153,0.1696952222188847,-0.07576194445278829
2021-11-10,-0.3021586473925646,-0.5021586473925645,-0.15215864739256457,0.19784135260743543,-0.005396618481411444
2021-11-11,-0.29968394936443343,-0.4996839493644334,-0.1496839493644334,0.2003160506355666,0.0007901265889164594
2021-11-12,-0.29532666564767673,-0.4953266656476768,-0.14532666564767677,0.20467333435232324,0.011683335880808068
2021-11-15,-0.30574167630023663,-0.5057416763002367,-0.15574167630023664,0.19425832369976337,-0.014354190750591606
2021-11-16,-0.2860980548375319,-0.48609805483753193,-0.13609805483753193,0.21390194516246808,0.034754862906170164
2021-11-17,-0.28760592739734986,-0.48760592739734987,-0.13760592739734986,0.21239407260265014,0.030985181506625326
2021-11-18,-0.28682690624313617,-0.4868269062431362,-0.13682690624313618,0.21317309375686383,0.032932734392159546
2021-11-19,-0.28638700252844573,-0.48638700252844574,-0.13638700252844574,0.21361299747155427,0.03403249367888564
2021-11-22,-0.302094004382535,-0.5020940043825349,-0.15209400438253495,0.19790599561746505,-0.0052350109563373964
2021-11-23,-0.3118608829234554,-0.5118608829234554,-0.16186088292345538,0.18813911707654463,-0.029652207308638462
2021-11-24,-0.29750495771640756,-0.49750495771640757,-0.14750495771640756,0.20249504228359244,0.0062376057089810755
2021-11-26,-0.32830792000075865,-0.5283079200007587,-0.17830792000075865,0.17169207999924135,-0.07076980000189664
2021-11-29,-0.2707452262506312,-0.4707452262506312,-0.1207452262506312,0.2292547737493688,0.073136934373422
2021-11-30,-0.3011483979486702,-0.5011483979486702,-0.15114839794867022,0.1988516020513298,-0.002870994871675553
2021-12-01,-0.3135177943122426,-0.5135177943122426,-0.1635177943122426,0.18648220568775742,-0.03379448578060648
2021-12-02,-0.30054336510672397,-0.5005433651067239,-0.15054336510672395,0.19945663489327606,-0.0013584127668098828
2021-12-03,-0.3260813859269146,-0.5260813859269147,-0.17608138592691464,0.17391861407308537,-0.0652034648172866
2021-12-06,-0.2913929210441735,-0.49139292104417354,-0.14139292104417353,0.20860707895582647,0.02151769738956616
2021-12-07,-0.26648632771155983,-0.46648632771155984,-0.11648632771155984,0.23351367228844017,0.08378418072110039
2021-12-08,-0.2890210247832942,-0.48902102478329423,-0.13902102478329423,0.21097897521670578,0.027447438041764416
2021-12-09,-0.31841029114236274,-0.5184102911423628,-0.16841029114236278,0.18158970885763723,-0.04602572785590696
2021-12-10,-0.2816562350943602,-0.48165623509436023,-0.13165623509436022,0.21834376490563978,0.045859412264099425
2021-12-13,-0.32321676129356025,-0.5232167612935602,-0.17321676129356023,0.17678323870643978,-0.058041903233900585
2021-12-14,-0.3151511132162561,-0.5151511132162562,-0.16515111321625614,0.18484888678374387,-0.037877783040640364
2021-12-15,-0.27937377189077306,-0.47937377189077307,-0.12937377189077306,0.22062622810922694,0.051565570273067324
2021-12-16,-0.3339609544392378,-0.5339609544392379,-0.1839609544392378,0.1660390455607622,-0.0849023860980945
2021-12-17,-0.30446137881121893,-0.5044613788112189,-0.15446137881121894,0.19553862118878107,-0.011153447028047353
2021-12-20,-0.3144841595805396,-0.5144841595805396,-0.1644841595805396,0.1855158404194604,-0.03621039895134903
2021-12-21,-0.27554737843292987,-0.4755473784329299,-0.12554737843292987,0.22445262156707013,0.0611315539176753
2021-12-22,-0.26818945328145405,-0.46818945328145406,-0.11818945328145405,0.23181054671854595,0.07952636679636485
2021-12-23,-0.28323720149863835,-0.48323720149863836,-0.13323720149863835,0.21676279850136165,0.041906996253404105
2021-12-27,-0.28058210153870067,-0.4805821015387007,-0.13058210153870067,0.21941789846129933,0.0485447461532483
2021-12-28,-0.3062964426552396,-0.5062964426552395,-0.15629644265523956,0.19370355734476044,-0.015741106638098926
2021-12-29,-0.29978892496738974,-0.4997889249673898,-0.14978892496738977,0.20021107503261024,0.0005276875815255627
2021-12-30,-0.30807199322557616,-0.5080719932255762,-0.15807199322557616,0.19192800677442384,-0.02017998306394042
2021-12-31,-0.3085267420375166,-0.5085267420375166,-0.15852674203751663,0.19147325796248338,-0.02131685509379158
2022-01-03,-0.29291097937828187,-0.4929109793782819,-0.14291097937828187,0.20708902062171813,0.01772255155429534
2022-01-04,-0.31150556419188014,-0.5115055641918802,-0.16150556419188017,0.18849443580811984,-0.028763910479700405
2022-01-05,-0.3375527461068495,-0.5375527461068494,-0.18755274610684947,0.16244725389315054,-0.09388186526712368
2022-01-06,-0.3082344856317424,-0.5082344856317424,-0.1582344856317424,0.19176551436825762,-0.020586214079356013
2022-01-07,-0.3008516366536347,-0.5008516366536347,-0.1508516366536347,0.1991483633463653,-0.002129091634086765
2022-01-10,-0.2958460277233315,-0.49584602772333153,-0.14584602772333155,0.20415397227666846,0.01038493069167113
2022-01-11,-0.2904567998240155,-0.4904567998240155,-0.14045679982401554,0.20954320017598446,0.023858000439961134
2022-01-12,-0.2916090386597386,-0.4916090386597386,-0.14160903865973862,0.2083909613402614,0.020977403350653463
2022-01-13,-0.32677494460417017,-0.5267749446041702,-0.17677494460417015,0.17322505539582986,-0.0669373615104254
2022-01-14,-0.29060207561986423,-0.49060207561986424,-0.14060207561986426,0.20939792438013574,0.023494810950339333
2022-01-18,-0.32286522139611906,-0.522865221396119,-0.17286522139611904,0.17713477860388097,-0.05716305349029761
2022-01-19,-0.3073548697039184,-0.5073548697039184,-0.15735486970391838,0.19264513029608163,-0.018387174259795958
2022-01-20,-0.3105612771101182,-0.5105612771101182,-0.16056127711011822,0.18943872288988178,-0.026403192775295556
2022-01-21,-0.3190831323304074,-0.5190831323304074,-0.16908313233040742,0.18091686766959258,-0.04770783082601856
2022-01-24,-0.30039044007190746,-0.5003904400719075,-0.15039044007190747,0.19960955992809254,-0.0009761001797687047
2022-01-25,-0.32228138875695084,-0.5222813887569508,-0.17228138875695084,0.17771861124304916,-0.055703471892377114
2022-01-26,-0.28352117123056914,-0.48352117123056915,-0.13352117123056917,0.21647882876943084,0.04119707192357708
2022-01-27,-0.29752891120950115,-0.49752891120950116,-0.14752891120950118,0.20247108879049883,0.006177721976247046
2022-01-28,-0.2574843749529514,-0.4574843749529514,-0.10748437495295143,0.24251562504704857,0.10628906261762142
2022-01-31,-0.28265710798908444,-0.48265710798908446,-0.13265710798908448,0.21734289201091556,0.04335723002728883
2022-02-01,-0.2994714920488299,-0.4994714920488299,-0.1494714920488299,0.2005285079511701,0.0013212698779252463
2022-02-02,-0.2828848164625226,-0.4828848164625226,-0.13288481646252262,0.21711518353747739,0.042787958843693435
2022-02-03,-0.3270218611732717,-0.5270218611732718,-0.1770218611732717,0.1729781388267283,-0.06755465293317928
2022-02-04,-0.2868594199056668,-0.48685941990566683,-0.13685941990566683,0.21314058009433318,0.03285145023583291
2022-02-07,-0.3165915424407595,-0.5165915424407594,-0.16659154244075947,0.18340845755924054,-0.04147885610189868
2022-02-08,-0.287850368235738,-0.487850368235738,-0.137850368235738,0.212149631764262,0.030374079410654953
2022-02-09,-0.2857338145095263,-0.4857338145095263,-0.1357338145095263,0.21426618549047372,0.03566546372618426
2022-02-10,-0.32539409987269025,-0.5253940998726903,-0.17539409987269025,0.17460590012730975,-0.06348524968172564
2022-02-11,-0.3315029267623453,-0.5315029267623452,-0.18150292676234528,0.16849707323765473,-0.07875731690586321
2022-02-14,-0.29291605719803726,-0.4929160571980373,-0.1429160571980373,0.2070839428019627,0.01770985700490675
2022-02-15,-0.2741739323972124,-0.4741739323972124,-0.12417393239721239,0.22582606760278762,0.06456516900696901
2022-02-16,-0.2984327703940141,-0.4984327703940141,-0.14843277039401412,0.2015672296059859,0.00391807401496469
2022-02-17,-0.33479070859646476,-0.5347907085964647,-0.18479070859646476,0.16520929140353524,-0.08697677149116192
2022-02-18,-0.3137510396453758,-0.5137510396453758,-0.16375103964537582,0.18624896035462418,-0.03437759911343957
2022-02-22,-0.3170176992931933,-0.5170176992931933,-0.1670176992931933,0.1829823007068067,-0.04254424823298325
2022-02-23,-0.3339455475557559,-0.533945547555756,-0.1839455475557559,0.1660544524442441,-0.08486386888938977
2022-02-24,-0.26106733804800086,-0.4610673380480009,-0.11106733804800087,0.23893266195199914,0.09733165487999781
2022-02-25,-0.2881307914315041,-0.4881307914315041,-0.1381307914315041,0.2118692085684959,0.029673021421239704
2022-02-28,-0.2789612280702146,-0.47896122807021463,-0.12896122807021462,0.22103877192978538,0.05259692982446343
2022-03-01,-0.3092004399606181,-0.509200439960618,-0.15920043996061808,0.19079956003938192,-0.023001099901545224
2022-03-02,-0.28483559580722495,-0.48483559580722496,-0.13483559580722496,0.21516440419277505,0.037911010481937596
2022-03-03,-0.3164096679341557,-0.5164096679341557,-0.1664096679341557,0.1835903320658443,-0.041024169835389285
2022-03-04,-0.3140886380380978,-0.5140886380380978,-0.16408863803809778,0.18591136196190222,-0.03522159509524447
2022-03-07,-0.33613180660077024,-0.5361318066007703,-0.18613180660077025,0.16386819339922976,-0.09032951650192564
2022-03-08,-0.2978942590389311,-0.49789425903893103,-0.14789425903893105,0.20210574096106895,0.005264352402672354
2022-03-09,-0.2563635145664448,-0.4563635145664448,-0.1063635145664448,0.2436364854335552,0.10909121358388799
2022-03-10,-0.3175452264198562,-0.5175452264198562,-0.16754522641985622,0.18245477358014378,-0.043863066049640576
2022-03-11,-0.32777552495986184,-0.5277755249598619,-0.17777552495986187,0.17222447504013813,-0.0694388123996547
2022-03-14,-0.32614551569652794,-0.526145515696528,-0.17614551569652795,0.17385448430347206,-0.06536378924131989
2022-03-15,-0.2655492291717075,-0.4655492291717075,-0.11554922917170748,0.23445077082829252,0.08612692707073127
2022-03-16,-0.2667195181658979,-0.4667195181658979,-0.1167195181658979,0.2332804818341021,0.08320120458525523
2022-03-17,-0.28664621403493296,-0.48664621403493297,-0.13664621403493296,0.21335378596506704,0.03338446491266758
2022-03-18,-0.27657826431405985,-0.47657826431405986,-0.12657826431405986,0.22342173568594015,0.05855433921485034
2022-03-21,-0.29515829424320394,-0.495158294243204,-0.14515829424320398,0.20484170575679603,0.012104264391990041
2022-03-22,-0.26398287600033865,-0.46398287600033866,-0.11398287600033866,0.23601712399966135,0.09004280999915334
2022-03-23,-0.30357037291597655,-0.5035703729159766,-0.15357037291597658,0.19642962708402342,-0.008925932289941471
2022-03-24,-0.2817072618988683,-0.4817072618988683,-0.1317072618988683,0.2182927381011317,0.04573184525282922
2022-03-25,-0.29984982707183294,-0.499849827071833,-0.14984982707183298,0.20015017292816703,0.0003754323204175486
2022-03-28,-0.2721184919328662,-0.4721184919328662,-0.1221184919328662,0.2278815080671338,0.0697037701678345
2022-03-29,-0.28736702247483764,-0.48736702247483765,-0.13736702247483765,0.21263297752516236,0.03158244381290587
2022-03-30,-0.305216449102938,-0.5052164491029381,-0.15521644910293803,0.19478355089706198,-0.013041122757345078
2022-03-31,-0.3178591712385918,-0.5178591712385918,-0.16785917123859181,0.1821408287614082,-0.04464792809647955
2022-04-01,-0.29602722914994245,-0.49602722914994246,-0.14602722914994246,0.20397277085005755,0.009931927125143847
2022-04-04,-0.27033575129461374,-0.47033575129461375,-0.12033575129461374,0.22966424870538626,0.07416062176346563
2022-04-05,-0.3242984553887983,-0.5242984553887984,-0.17429845538879832,0.1757015446112017,-0.06074613847199581
2022-04-06,-0.3310767142712444,-0.5310767142712445,-0.18107671427124444,0.16892328572875556,-0.07769178567811112
2022-04-07,-0.2965345535266789,-0.4965345535266789,-0.1465345535266789,0.2034654464733211,0.00866361618330272
2022-04-08,-0.31863626890772956,-0.5186362689077296,-0.1686362689077296,0.1813637310922704,-0.04659067226932399
2022-04-11,-0.33618012417950627,-0.5361801241795063,-0.18618012417950627,0.16381987582049373,-0.0904503104487657
2022-04-12,-0.2998396618331594,-0.4998396618331594,-0.14983966183315942,0.2001603381668406,0.0004008454171014475
2022-04-13,-0.27829168651779773,-0.47829168651779774,-0.12829168651779774,0.22170831348220227,0.05427078370550564
2022-04-14,-0.32922603381422144,-0.5292260338142214,-0.17922603381422145,0.17077396618577856,-0.07306508453555363
2022-04-18,-0.293429524645756,-0.49342952464575596,-0.14342952464575598,0.20657047535424403,0.016426188385610038
2022-04-19,-0.2812506890567711,-0.4812506890567711,-0.1312506890567711,0.21874931094322891,0.04687327735807226
2022-04-20,-0.31609106233142853,-0.5160910623314285,-0.16609106233142854,0.18390893766857147,-0.04022765582857135
2022-04-21,-0.30442555930629056,-0.5044255593062905,-0.15442555930629057,0.19557444069370944,-0.01106389826572643
2022-04-22,-0.3245680497446204,-0.5245680497446205,-0.17456804974462042,0.17543195025537958,-0.06142012436155107
2022-04-25,-0.2863616491108832,-0.4863616491108832,-0.1363616491108832,0.2136383508891168,0.034095877222792004
2022-04-26,-0.35673759807203903,-0.556737598072039,-0.20673759807203904,0.14326240192796097,-0.1418439951800976
2022-04-27,-0.2962708767789501,-0.4962708767789501,-0.1462708767789501,0.2037291232210499,0.009322808052624754
2022-04-28,-0.2746435725327427,-0.4746435725327427,-0.12464357253274269,0.22535642746725731,0.06339106866814326
2022-04-29,-0.33083329033328884,-0.5308332903332889,-0.18083329033328885,0.16916670966671116,-0.07708322583322214
2022-05-02,-0.2836358352463197,-0.4836358352463197,-0.13363583524631967,0.21636416475368034,0.04091041188420079
2022-05-03,-0.2978183961772101,-0.49781839617721013,-0.14781839617721013,0.20218160382278988,0.005454009556974654
2022-05-04,-0.2645246159078945,-0.4645246159078945,-0.1145246159078945,0.2354753840921055,0.08868846023026374
2022-05-05,-0.34842103641842337,-0.5484210364184233,-0.19842103641842335,0.15157896358157663,-0.12105259104605842
2022-05-06,-0.30534923655264573,-0.5053492365526457,-0.15534923655264576,0.19465076344735424,-0.013373091381614407
2022-05-09,-0.33075899165233896,-0.530758991652339,-0.180758991652339,0.169241008347661,-0.07689747913084748
2022-05-10,-0.2839700397394096,-0.4839700397394096,-0.13397003973940963,0.21602996026059038,0.040074900651475925
2022-05-11,-0.3288546421778134,-0.5288546421778134,-0.1788546421778134,0.1711453578221866,-0.07213660544453353
2022-05-12,-0.31743027257200845,-0.5174302725720085,-0.16743027257200846,0.18256972742799155,-0.04357568143002116
2022-05-13,-0.27228550173741944,-0.47228550173741946,-0.12228550173741945,0.22771449826258056,0.06928624565645138
2022-05-16,-0.30766942890287813,-0.5076694289028781,-0.15766942890287813,0.19233057109712187,-0.01917357225719534
2022-05-17,-0.2794996406538577,-0.4794996406538577,-0.12949964065385772,0.2205003593461423,0.0512508983653557
2022-05-18,-0.3456154878658384,-0.5456154878658384,-0.1956154878658384,0.1543845121341616,-0.11403871966459603
2022-05-19,-0.3135248840800911,-0.5135248840800911,-0.16352488408009108,0.18647511591990892,-0.03381221020022773
2022-05-20,-0.3048469983794519,-0.5048469983794519,-0.1548469983794519,0.1951530016205481,-0.01211749594862979
2022-05-23,-0.2693178627727539,-0.4693178627727539,-0.11931786277275389,0.23068213722724612,0.07670534306811529
2022-05-24,-0.32484977499964185,-0.5248497749996418,-0.17484977499964183,0.17515022500035818,-0.06212443749910458
2022-05-25,-0.29587220322424135,-0.49587220322424136,-0.14587220322424138,0.20412779677575862,0.01031949193939655
2022-05-26,-0.2805741869147174,-0.4805741869147174,-0.13057418691471742,0.21942581308528258,0.048564532713206446
2022-05-27,-0.2637682233362514,-0.4637682233362514,-0.11376822333625142,0.2362317766637486,0.09057944165937146
2022-05-31,-0.2995306856667393,-0.4995306856667393,-0.1495306856667393,0.2004693143332607,0.0011732858331517724
2022-06-01,-0.29928392033848517,-0.4992839203384852,-0.14928392033848514,0.20071607966151486,0.0017901991537871103
2022-06-02,-0.28203313241520384,-0.48203313241520385,-0.13203313241520387,0.21796686758479614,0.04491716896199032
2022-06-03,-0.3269912082862917,-0.5269912082862916,-0.17699120828629167,0.17300879171370834,-0.0674780207157292
2022-06-06,-0.2936091357440096,-0.4936091357440096,-0.14360913574400958,0.20639086425599043,0.015977160639976028
2022-06-07,-0.2884648009823377,-0.4884648009823377,-0.1384648009823377,0.2115351990176623,0.028837997544155728
2022-06-08,-0.3044808005919334,-0.5044808005919335,-0.15448080059193342,0.1955191994080666,-0.01120200147983353
2022-06-09,-0.3255057571038564,-0.5255057571038564,-0.17550575710385635,0.17449424289614365,-0.06376439275964091
2022-06-10,-0.3383478607417122,-0.5383478607417123,-0.1883478607417122,0.1616521392582878,-0.09586965185428051
2022-06-13,-0.34057644258600017,-0.5405764425860002,-0.19057644258600018,0.15942355741399983,-0.10144110646500047
2022-06-14,-0.293500984622847,-0.493500984622847,-0.14350098462284702,0.20649901537715298,0.016247538442882428
2022-06-15,-0.27342385273485587,-0.4734238527348559,-0.1234238527348559,0.2265761472651441,0.06644036816286025
2022-06-16,-0.3332761285488969,-0.5332761285488968,-0.18327612854889686,0.16672387145110315,-0.08319032137224215
2022-06-17,-0.2886870641573945,-0.4886870641573945,-0.13868706415739446,0.21131293584260552,0.028282339606513808
2022-06-21,-0.26854684152742847,-0.4685468415274285,-0.11854684152742848,0.23145315847257153,0.07863289618142881
2022-06-22,-0.30210395458107686,-0.5021039545810768,-0.15210395458107687,0.19789604541892314,-0.005259886452692174
2022-06-23,-0.28275810339309504,-0.482758103393095,-0.13275810339309502,0.217241896606905,0.04310474151726244
2022-06-24,-0.26370505402334815,-0.46370505402334816,-0.11370505402334818,0.23629494597665182,0.09073736494162954
2022-06-27,-0.3087202505139072,-0.5087202505139072,-0.1587202505139072,0.1912797494860928,-0.021800626284768025
2022-06-28,-0.33199570419914654,-0.5319957041991465,-0.1819957041991465,0.16800429580085346,-0.07998926049786634
2022-06-29,-0.2910838445810988,-0.4910838445810988,-0.1410838445810988,0.2089161554189012,0.022290388547252984
2022-06-30,-0.3185326409461099,-0.5185326409461098,-0.1685326409461099,0.1814673590538901,-0.04633160236527474
2022-07-01,-0.290841044342776,-0.490841044342776,-0.140841044342776,0.209158955657224,0.022897389143059985
2022-07-05,-0.2747194456559017,-0.4747194456559017,-0.12471944565590168,0.22528055434409833,0.06320138586024579
2022-07-06,-0.29292078627603924,-0.49292078627603925,-0.14292078627603924,0.20707921372396076,0.017698034309901883
2022-07-07,-0.26924345346600476,-0.46924345346600477,-0.11924345346600476,0.23075654653399524,0.07689136633498808
2022-07-08,-0.29134448268696556,-0.49134448268696557,-0.14134448268696556,0.20865551731303444,0.021638793282586083
2022-07-11,-0.33058673451495535,-0.5305867345149553,-0.18058673451495533,0.16941326548504468,-0.07646683628738833
2022-07-12,-0.3134848278697438,-0.5134848278697438,-0.1634848278697438,0.1865151721302562,-0.033712069674359524
2022-07-13,-0.30310761379325346,-0.5031076137932534,-0.15310761379325344,0.19689238620674657,-0.0077690344831336106
2022-07-14,-0.29385576632309535,-0.49385576632309536,-0.14385576632309535,0.20614423367690465,0.015360584192261606
2022-07-15,-0.2897236599899617,-0.4897236599899617,-0.1397236599899617,0.2102763400100383,0.025690850025095746
2022-07-18,-0.31340007619773075,-0.5134000761977308,-0.16340007619773075,0.18659992380226925,-0.0335001904943269
2022-07-19,-0.27223534779614844,-0.47223534779614845,-0.12223534779614845,0.22776465220385156,0.06941163050962887
2022-07-20,-0.2918028097705336,-0.4918028097705336,-0.14180280977053358,0.20819719022946642,0.020492975573666028
2022-07-21,-0.2685844150706775,-0.4685844150706775,-0.11858441507067749,0.23141558492932252,0.07853896232330626
2022-07-22,-0.32027959802981476,-0.5202795980298147,-0.17027959802981474,0.17972040197018527,-0.05069899507453686
2022-07-25,-0.30716340366752165,-0.5071634036675217,-0.15716340366752166,0.19283659633247835,-0.017908509168804154
2022-07-26,-0.3242157342059955,-0.5242157342059954,-0.17421573420599548,0.17578426579400452,-0.06053933551498872
2022-07-27,-0.2399670634602208,-0.4399670634602208,-0.08996706346022079,0.2600329365397792,0.150082341349448
2022-07-28,-0.2842623287216808,-0.4842623287216808,-0.13426232872168078,0.21573767127831922,0.039344178195798024
2022-07-29,-0.26895059764392637,-0.4689505976439264,-0.11895059764392638,0.23104940235607363,0.07762350589018405
2022-08-01,-0.3063490392727597,-0.5063490392727596,-0.15634903927275967,0.19365096072724033,-0.015872598181899192
2022-08-02,-0.3014976429425712,-0.5014976429425713,-0.1514976429425712,0.1985023570574288,-0.0037441073564280225
2022-08-03,-0.2716028350563906,-0.4716028350563906,-0.1216028350563906,0.2283971649436094,0.07099291235902347
2022-08-04,-0.2982420456630023,-0.49824204566300234,-0.1482420456630023,0.2017579543369977,0.0043948858424942144
2022-08-05,-0.3189422047686735,-0.5189422047686736,-0.16894220476867355,0.18105779523132645,-0.0473555119216839
2022-08-08,-0.3012287765879621,-0.5012287765879622,-0.1512287765879621,0.1987712234120379,-0.003071941469905276
2022-08-09,-0.3056158229205178,-0.5056158229205178,-0.1556158229205178,0.19438417707948222,-0.014039557301294484
2022-08-10,-0.27094774798661037,-0.4709477479866104,-0.12094774798661037,0.22905225201338963,0.07263063003347406
2022-08-11,-0.31124019331509445,-0.5112401933150945,-0.16124019331509448,0.18875980668490552,-0.02810048328773622
2022-08-12,-0.27279207067994604,-0.47279207067994605,-0.12279207067994605,0.22720792932005396,0.06801982330013487
2022-08-15,-0.28887089399711485,-0.48887089399711486,-0.13887089399711486,0.21112910600288515,0.02782276500721284
2022-08-16,-0.30385914771980804,-0.503859147719808,-0.15385914771980805,0.19614085228019196,-0.009647869299520134
2022-08-17,-0.3050250195277183,-0.5050250195277184,-0.15502501952771833,0.19497498047228168,-0.012562548819295832
2022-08-18,-0.3013643545619181,-0.5013643545619181,-0.1513643545619181,0.1986356454380819,-0.0034108864047952686
2022-08-19,-0.31802715054838676,-0.5180271505483868,-0.16802715054838677,0.18197284945161324,-0.04506787637096693
2022-08-22,-0.32524247866626577,-0.5252424786662657,-0.17524247866626574,0.17475752133373426,-0.06310619666566437
2022-08-23,-0.2966984829046408,-0.4966984829046408,-0.1466984829046408,0.2033015170953592,0.008253792738397991
2022-08-24,-0.29974926999750673,-0.4997492699975067,-0.1497492699975067,0.2002507300024933,0.0006268250062332198
2022-08-25,-0.2878206380771403,-0.4878206380771403,-0.13782063807714032,0.2121793619228597,0.030448404807149193
2022-08-26,-0.33940368970206836,-0.5394036897020684,-0.18940368970206836,0.16059631029793164,-0.09850922425517092
2022-08-29,-0.311083638417826,-0.511083638417826,-0.161083638417826,0.188916361582174,-0.027709096044565007
2022-08-30,-0.3131804272704866,-0.5131804272704866,-0.16318042727048662,0.18681957272951338,-0.03295106817621657
2022-08-31,-0.3076949783599022,-0.5076949783599023,-0.15769497835990226,0.19230502164009775,-0.019237445899755665
2022-09-01,-0.29523379107221503,-0.4952337910722151,-0.14523379107221507,0.20476620892778494,0.011915522319462316
2022-09-02,-0.31806720250230347,-0.5180672025023034,-0.16806720250230348,0.18193279749769653,-0.0451680062557587
2022-09-06,-0.3036625520349207,-0.5036625520349207,-0.1536625520349207,0.1963374479650793,-0.009156380087301796
2022-09-07,-0.2774763906258153,-0.4774763906258153,-0.1274763906258153,0.2225236093741847,0.05630902343546171
2022-09-08,-0.2994870558636278,-0.4994870558636278,-0.1494870558636278,0.20051294413637222,0.0012823603409305162
2022-09-09,-0.27514803814993216,-0.4751480381499322,-0.12514803814993217,0.22485196185006784,0.06212990462516957
2022-09-12,-0.2841471584737469,-0.4841471584737469,-0.1341471584737469,0.21585284152625311,0.03963210381563276
2022-09-13,-0.35316737668366815,-0.5531673766836682,-0.20316737668366816,0.14683262331633185,-0.13291844170917042
2022-09-14,-0.2870850163073005,-0.4870850163073005,-0.1370850163073005,0.2129149836926995,0.03228745923174875
2022-09-15,-0.3152222618572464,-0.5152222618572464,-0.1652222618572464,0.1847777381427536,-0.038055654643116
2022-09-16,-0.30437098372792626,-0.5043709837279263,-0.1543709837279263,0.1956290162720737,-0.010927459319815744
2022-09-19,-0.288709272554792,-0.488709272554792,-0.138709272554792,0.211290727445208,0.028226818613019955
2022-09-20,-0.303337847202421,-0.503337847202421,-0.15333784720242102,0.19666215279757898,-0.008344618006052573
2022-09-21,-0.31956558526616297,-0.5195655852661629,-0.16956558526616294,0.18043441473383706,-0.04891396316540737
2022-09-22,-0.3082181036284529,-0.5082181036284529,-0.1582181036284529,0.1917818963715471,-0.020545259071132263
2022-09-23,-0.3219224861790234,-0.5219224861790235,-0.17192248617902342,0.17807751382097659,-0.054806215447558565
2022-09-26,-0.30021884889946904,-0.5002188488994691,-0.15021884889946907,0.19978115110053093,-0.0005471222486726907
2022-09-27,-0.2949981683945888,-0.4949981683945888,-0.14499816839458882,0.2050018316054112,0.012504579013527944
2022-09-28,-0.28717794518259265,-0.4871779451825927,-0.1371779451825927,0.21282205481740732,0.03205513704351827
2022-09-29,-0.3395834362772312,-0.5395834362772312,-0.1895834362772312,0.1604165637227688,-0.09895859069307802
2022-09-30,-0.32005546016937436,-0.5200554601693743,-0.17005546016937437,0.17994453983062564,-0.05013865042343593
2022-10-03,-0.2972421373022086,-0.4972421373022086,-0.14724213730220861,0.2027578626977914,0.00689465674447845
2022-10-04,-0.2700506418753117,-0.4700506418753117,-0.1200506418753117,0.2299493581246883,0.07487339531172074
2022-10-05,-0.30827844066078086,-0.5082784406607809,-0.15827844066078087,0.19172155933921914,-0.02069610165195218
2022-10-06,-0.3068075117977395,-0.5068075117977395,-0.15680751179773952,0.19319248820226048,-0.017018779494348824
2022-10-07,-0.3442323236126088,-0.5442323236126088,-0.19423232361260878,0.15576767638739122,-0.11058080903152197
2022-10-10,-0.3070194041092278,-0.5070194041092279,-0.15701940410922782,0.19298059589077218,-0.01754851027306957
2022-10-11,-0.3156663533621318,-0.5156663533621317,-0.16566635336213179,0.18433364663786822,-0.03916588340532948
2022-10-12,-0.2992821944608439,-0.4992821944608439,-0.1492821944608439,0.2007178055391561,0.0017945138478902417
2022-10-13,-0.2734532450185038,-0.47345324501850383,-0.12345324501850383,0.22654675498149618,0.06636688745374042
2022-10-14,-0.33932943644209435,-0.5393294364420943,-0.18932943644209432,0.16067056355790568,-0.09832359110523582
2022-10-17,-0.2561336368069991,-0.4561336368069991,-0.10613363680699908,0.24386636319300092,0.10966590798250228
2022-10-18,-0.2941561915134987,-0.4941561915134987,-0.1441561915134987,0.2058438084865013,0.014609521216253224
2022-10-19,-0.30253796208945183,-0.5025379620894519,-0.15253796208945183,0.19746203791054817,-0.006344905223629599
2022-10-20,-0.31718598857141467,-0.5171859885714146,-0.16718598857141465,0.18281401142858536,-0.04296497142853663
2022-10-21,-0.27591696260519105,-0.47591696260519106,-0.12591696260519106,0.22408303739480895,0.06020759348702234
2022-10-24,-0.2910506562982624,-0.4910506562982624,-0.14105065629826238,0.20894934370173762,0.022373359254344027
2022-10-25,-0.27374004246276723,-0.47374004246276724,-0.12374004246276724,0.22625995753723277,0.0656498938430819
2022-10-26,-0.3457880444649131,-0.5457880444649131,-0.19578804446491313,0.15421195553508688,-0.11447011116228284
2022-10-27,-0.31790787220094324,-0.5179078722009433,-0.16790787220094325,0.18209212779905676,-0.04476968050235813
2022-10-28,-0.25650194970035184,-0.45650194970035185,-0.10650194970035184,0.24349805029964816,0.10874512574912037
2022-10-31,-0.3138587298686613,-0.5138587298686613,-0.16385872986866132,0.1861412701313387,-0.03464682467165331
2022-11-01,-0.3193296160207951,-0.5193296160207952,-0.16932961602079513,0.18067038397920487,-0.04832404005198784
2022-11-02,-0.3417335216105988,-0.5417335216105987,-0.19173352161059876,0.15826647838940125,-0.1043338040264969
2022-11-03,-0.3271413167970926,-0.5271413167970926,-0.17714131679709258,0.17285868320290743,-0.06785329199273146
2022-11-04,-0.29164670885057825,-0.49164670885057826,-0.14164670885057826,0.20835329114942175,0.020883227873554344
2022-11-07,-0.2986040218422818,-0.4986040218422818,-0.1486040218422818,0.2013959781577182,0.0034899453942954795
2022-11-08,-0.3044579174008879,-0.5044579174008879,-0.1544579174008879,0.1955420825991121,-0.01114479350221978
2022-11-09,-0.3352228251703422,-0.5352228251703421,-0.18522282517034216,0.16477717482965784,-0.08805706292585543
2022-11-10,-0.21934079190910027,-0.4193407919091003,-0.06934079190910028,0.2806592080908997,0.20164802022724929
2022-11-11,-0.27725535752929154,-0.47725535752929155,-0.12725535752929154,0.22274464247070846,0.056861606176771134
2022-11-14,-0.31620970525661285,-0.5162097052566129,-0.16620970525661288,0.18379029474338712,-0.04052426314153222
2022-11-15,-0.28505186185472864,-0.48505186185472865,-0.13505186185472864,0.21494813814527136,0.037370345363178376
2022-11-16,-0.31058719479023467,-0.5105871947902347,-0.16058719479023467,0.18941280520976533,-0.026467986975586694
2022-11-17,-0.3030619181002223,-0.5030619181002224,-0.15306191810022235,0.19693808189977766,-0.0076547952505558875
2022-11-18,-0.3053742629520545,-0.5053742629520546,-0.15537426295205453,0.19462573704794547,-0.013435657380136343
2022-11-21,-0.3266886602241573,-0.5266886602241574,-0.17668866022415733,0.17331133977584268,-0.06672165056039334
2022-11-22,-0.2863056270198228,-0.48630562701982283,-0.13630562701982282,0.21369437298017718,0.03423593245044293
2022-11-23,-0.2725350497267285,-0.4725350497267285,-0.12253504972672849,0.22746495027327152,0.06866237568317876
2022-11-25,-0.30853965154012214,-0.5085396515401222,-0.15853965154012215,0.19146034845987786,-0.021349128850305377
2022-11-28,-0.3157301502557899,-0.5157301502557898,-0.16573015025578988,0.18426984974421012,-0.03932537563947472
2022-11-29,-0.3117260873790267,-0.5117260873790267,-0.1617260873790267,0.18827391262097332,-0.029315218447566738
2022-11-30,-0.23752731426211426,-0.4375273142621143,-0.08752731426211427,0.26247268573788574,0.1561817143447143
2022-12-01,-0.3003869949970368,-0.5003869949970368,-0.1503869949970368,0.1996130050029632,-0.0009674874925920396
2022-12-02,-0.3014242392995289,-0.5014242392995288,-0.15142423929952886,0.19857576070047114,-0.0035605982488221694
2022-12-05,-0.32502289202059753,-0.5250228920205976,-0.17502289202059756,0.17497710797940244,-0.06255723005149393
2022-12-06,-0.3214304158141583,-0.5214304158141584,-0.17143041581415835,0.17856958418584165,-0.0535760395353959
2022-12-07,-0.3177963867226794,-0.5177963867226794,-0.16779638672267938,0.18220361327732063,-0.044490966806698465
2022-12-08,-0.2978817153950699,-0.49788171539506987,-0.1478817153950699,0.20211828460493012,0.00529571151232526
2022-12-09,-0.29711477328783065,-0.4971147732878306,-0.14711477328783062,0.20288522671216938,0.007213066780423424
2022-12-12,-0.3030440130685593,-0.5030440130685593,-0.1530440130685593,0.1969559869314407,-0.007610032671398273
2022-12-13,-0.2980533314672812,-0.49805333146728115,-0.14805333146728117,0.20194666853271884,0.004866671331797065
2022-12-14,-0.3114466002484461,-0.5114466002484461,-0.16144660024844612,0.18855339975155389,-0.028616500621115315
2022-12-15,-0.32908660598659745,-0.5290866059865975,-0.17908660598659745,0.17091339401340255,-0.07271651496649364
2022-12-16,-0.320710703016014,-0.520710703016014,-0.170710703016014,0.17928929698398602,-0.05177675754003498
2022-12-19,-0.3136135248069769,-0.513613524806977,-0.16361352480697694,0.18638647519302307,-0.034033812017442364
2022-12-20,-0.3175165830344002,-0.5175165830344003,-0.16751658303440026,0.18248341696559975,-0.04379145758600066
2022-12-21,-0.2900164015894072,-0.49001640158940724,-0.14001640158940723,0.20998359841059278,0.02495899602648191
2022-12-22,-0.3400446946838577,-0.5400446946838577,-0.19004469468385768,0.15995530531614233,-0.10011173670964421
2022-12-23,-0.30013005012366617,-0.5001300501236662,-0.15013005012366618,0.19986994987633383,-0.0003251253091654527
2022-12-27,-0.33907856313951557,-0.5390785631395156,-0.1890785631395156,0.1609214368604844,-0.09769640784878901
2022-12-28,-0.30614225659555594,-0.506142256595556,-0.15614225659555594,0.19385774340444406,-0.015355641488889876
2022-12-29,-0.2586048999017528,-0.4586048999017528,-0.10860489990175279,0.24139510009824722,0.10348775024561802
2022-12-30,-0.29844454277997184,-0.49844454277997186,-0.14844454277997185,0.20155545722002816,0.0038886430500703617
2023-01-03,-0.3094634306963932,-0.5094634306963932,-0.15946343069639324,0.19053656930360677,-0.023658576740983102
2023-01-04,-0.3146406341688381,-0.5146406341688381,-0.16464063416883806,0.18535936583116194,-0.03660158542209518
2023-01-05,-0.3206198237371147,-0.5206198237371147,-0.17061982373711465,0.17938017626288533,-0.051549559342786676
2023-01-06,-0.27832430595644025,-0.47832430595644027,-0.12832430595644026,0.22167569404355975,0.05418923510889933
2023-01-09,-0.2929957654049716,-0.4929957654049716,-0.14299576540497155,0.20700423459502845,0.017510586487571082
2023-01-10,-0.29433035100727056,-0.4943303510072706,-0.14433035100727054,0.20566964899272946,0.014174122481823608
2023-01-11,-0.27168252158220246,-0.4716825215822025,-0.12168252158220247,0.22831747841779754,0.0707936960444938
2023-01-12,-0.29758810658212775,-0.49758810658212776,-0.14758810658212776,0.20241189341787225,0.006029733544680586
2023-01-13,-0.2923820297569991,-0.49238202975699913,-0.1423820297569991,0.2076179702430009,0.019044925607502226
2023-01-17,-0.29772985977733113,-0.49772985977733114,-0.14772985977733114,0.20227014022266887,0.005675350556672135
2023-01-18,-0.30945119731531096,-0.509451197315311,-0.15945119731531096,0.19054880268468904,-0.02362799328827741
2023-01-19,-0.29770339386861483,-0.49770339386861484,-0.14770339386861484,0.20229660613138517,0.005741515328462881
2023-01-20,-0.2628430899022568,-0.46284308990225687,-0.11284308990225683,0.23715691009774317,0.0928922752443579
2023-01-23,-0.28237318918426574,-0.48237318918426575,-0.13237318918426577,0.21762681081573423,0.04406702703933557
2023-01-24,-0.303798469744869,-0.503798469744869,-0.153798469744869,0.196201530255131,-0.009496174362172512
2023-01-25,-0.31175745631126983,-0.5117574563112699,-0.16175745631126984,0.18824254368873017,-0.02939364077817462
2023-01-26,-0.2765289680129748,-0.4765289680129748,-0.1265289680129748,0.2234710319870252,0.05867757996756298
2023-01-27,-0.2900078217342419,-0.4900078217342419,-0.1400078217342419,0.2099921782657581,0.024980445664395237
2023-01-30,-0.3231064422047728,-0.5231064422047729,-0.1731064422047728,0.1768935577952272,-0.05776610551193205
2023-01-31,-0.2835267409298552,-0.4835267409298552,-0.13352674092985523,0.2164732590701448,0.04118314767536196
2023-02-01,-0.2773157760720758,-0.4773157760720758,-0.1273157760720758,0.2226842239279242,0.05671055981981046
2023-02-02,-0.25139434619959894,-0.45139434619959895,-0.10139434619959894,0.24860565380040106,0.12151413450100262
2023-02-03,-0.3057605924965314,-0.5057605924965314,-0.1557605924965314,0.1942394075034686,-0.01440148124132852
2023-02-06,-0.303878968214024,-0.503878968214024,-0.153878968214024,0.196121031785976,-0.009697420535060008
2023-02-07,-0.2710100140011611,-0.4710100140011611,-0.1210100140011611,0.2289899859988389,0.07247496499709724
2023-02-08,-0.3181021645444907,-0.5181021645444908,-0.1681021645444907,0.1818978354555093,-0.045255411361226766
2023-02-09,-0.30850357923363203,-0.5085035792336321,-0.15850357923363206,0.19149642076636794,-0.021258948084080173
2023-02-10,-0.3140276616086517,-0.5140276616086517,-0.16402766160865168,0.18597233839134833,-0.035069154021629204
2023-02-13,-0.2899755685590901,-0.4899755685590901,-0.1399755685590901,0.2100244314409099,0.02506107860227473
2023-02-14,-0.28163921223673344,-0.48163921223673345,-0.13163921223673344,0.21836078776326656,0.045901969408166376
2023-02-15,-0.28689973872438557,-0.4868997387243856,-0.13689973872438557,0.21310026127561443,0.032750653189036055
2023-02-16,-0.326897904790462,-0.5268979047904621,-0.176897904790462,0.173102095209538,-0.067244761976155
2023-02-17,-0.3011348325986357,-0.5011348325986357,-0.1511348325986357,0.1988651674013643,-0.002837081496589247
2023-02-21,-0.33173422057165414,-0.5317342205716541,-0.18173422057165411,0.1682657794283459,-0.0793355514291353
2023-02-22,-0.2966820644467242,-0.4966820644467242,-0.1466820644467242,0.20331793555327582,0.00829483888318952
2023-02-23,-0.2964189845965729,-0.49641898459657297,-0.14641898459657293,0.20358101540342707,0.008952538508567656
2023-02-24,-0.32109010041353747,-0.5210901004135374,-0.17109010041353745,0.17890989958646256,-0.05272525103384364
2023-02-27,-0.28124619600849565,-0.48124619600849566,-0.13124619600849566,0.21875380399150435,0.04688450997876084
2023-02-28,-0.303358311784342,-0.503358311784342,-0.153358311784342,0.196641688215658,-0.008395779460855027
2023-03-01,-0.30971043996952863,-0.5097104399695287,-0.15971043996952863,0.19028956003047137,-0.024276099923821598
2023-03-02,-0.3037174019851018,-0.5037174019851017,-0.15371740198510175,0.19628259801489825,-0.009293504962754398
2023-03-03,-0.2734118153448216,-0.47341181534482163,-0.12341181534482162,0.22658818465517838,0.06647046163794593
2023-03-06,-0.294700410513158,-0.49470041051315794,-0.14470041051315796,0.20529958948684204,0.013248973717105081
2023-03-07,-0.31782795417876286,-0.5178279541787629,-0.1678279541787629,0.1821720458212371,-0.04456988544690725
2023-03-08,-0.30467878322979103,-0.504678783229791,-0.15467878322979103,0.19532121677020897,-0.011696958074477598
2023-03-09,-0.32281723355583575,-0.5228172335558358,-0.17281723355583575,0.17718276644416425,-0.0570430838895894
2023-03-10,-0.310865365265646,-0.5108653652656461,-0.16086536526564604,0.18913463473435396,-0.02716341316411512
2023-03-13,-0.2880386759286978,-0.4880386759286978,-0.1380386759286978,0.2119613240713022,0.029903310178255454
2023-03-14,-0.27006941061779505,-0.47006941061779506,-0.12006941061779505,0.22993058938220495,0.07482647345551235
2023-03-15,-0.2926195085275869,-0.49261950852758685,-0.14261950852758687,0.20738049147241314,0.018451228681032814
2023-03-16,-0.2683902733547435,-0.46839027335474354,-0.11839027335474353,0.23160972664525648,0.07902431661314116
2023-03-17,-0.3004326568394739,-0.5004326568394739,-0.1504326568394739,0.1995673431605261,-0.0010816420986847763
2023-03-20,-0.29953369823962617,-0.4995336982396261,-0.14953369823962614,0.20046630176037386,0.0011657544009346238
2023-03-21,-0.26645085435352905,-0.46645085435352907,-0.11645085435352906,0.23354914564647095,0.08387286411617734
2023-03-22,-0.31559894025481616,-0.5155989402548162,-0.1655989402548162,0.1844010597451838,-0.038997350637040504
2023-03-23,-0.2870341686315686,-0.4870341686315686,-0.13703416863156861,0.2129658313684314,0.03241457842107845
2023-03-24,-0.29812821634415315,-0.49812821634415316,-0.14812821634415316,0.20187178365584685,0.004679459139617093
2023-03-27,-0.31204019275493594,-0.512040192754936,-0.16204019275493595,0.18795980724506406,-0.03010048188733988
2023-03-28,-0.30957386820546895,-0.5095738682054689,-0.15957386820546893,0.19042613179453108,-0.023934670513672332
2023-03-29,-0.2827270052808975,-0.4827270052808975,-0.1327270052808975,0.2172729947191025,0.043182486797756214
2023-03-30,-0.2939902783407672,-0.49399027834076714,-0.14399027834076716,0.20600972165923284,0.015024304148082077
2023-03-31,-0.27014276247732594,-0.47014276247732595,-0.12014276247732594,0.22985723752267406,0.07464309380668513
2023-04-03,-0.31210697215940597,-0.5121069721594059,-0.16210697215940595,0.18789302784059406,-0.030267430398514886
2023-04-04,-0.3031665297732445,-0.5031665297732445,-0.1531665297732445,0.1968334702267555,-0.007916324433111244
2023-04-05,-0.31486418924620974,-0.5148641892462097,-0.1648641892462097,0.1851358107537903,-0.0371604731155243
2023-04-06,-0.28345343951261276,-0.48345343951261277,-0.13345343951261276,0.21654656048738724,0.041366401218468074
2023-04-10,-0.31110747201038047,-0.5111074720103805,-0.16110747201038048,0.18889252798961953,-0.027768680025951203
2023-04-11,-0.3064157310398527,-0.5064157310398527,-0.1564157310398527,0.1935842689601473,-0.01603932759963178
2023-04-12,-0.3109902216254181,-0.5109902216254181,-0.16099022162541812,0.18900977837458188,-0.02747555406354532
2023-04-13,-0.27139534908823587,-0.4713953490882359,-0.12139534908823588,0.22860465091176413,0.0715116272794103
2023-04-14,-0.30199563439537747,-0.5019956343953774,-0.15199563439537744,0.19800436560462256,-0.004989085988443623
2023-04-17,-0.3018321012613057,-0.5018321012613057,-0.15183210126130572,0.19816789873869428,-0.004580253153264324
2023-04-18,-0.30519894621289395,-0.505198946212894,-0.15519894621289396,0.19480105378710605,-0.012997365532234906
2023-04-19,-0.3034721907161143,-0.5034721907161144,-0.15347219071611432,0.1965278092838857,-0.008680476790285802
2023-04-20,-0.32575940334890824,-0.5257594033489082,-0.17575940334890824,0.17424059665109176,-0.06439850837227062
2023-04-21,-0.2995217692669,-0.49952176926689995,-0.14952176926689997,0.20047823073310003,0.0011955768327500532
2023-04-24,-0.3047989669735772,-0.5047989669735772,-0.1547989669735772,0.1952010330264228,-0.011997417433943017
2023-04-25,-0.31596478631339037,-0.5159647863133904,-0.16596478631339037,0.18403521368660963,-0.039911965783475944
2023-04-26,-0.29305635516426276,-0.49305635516426277,-0.14305635516426277,0.20694364483573724,0.01735911208934307
2023-04-27,-0.2650402778108253,-0.4650402778108253,-0.11504027781082529,0.2349597221891747,0.08739930547293676
2023-04-28,-0.29003792835261055,-0.49003792835261056,-0.14003792835261056,0.20996207164738945,0.02490517911847359
2023-05-01,-0.3064674349372509,-0.5064674349372509,-0.1564674349372509,0.1935325650627491,-0.016168587343127275
2023-05-02,-0.3080341516907566,-0.5080341516907566,-0.1580341516907566,0.1919658483092434,-0.02008537922689152
2023-05-03,-0.30164542875250383,-0.5016454287525038,-0.15164542875250384,0.19835457124749617,-0.004113571881259603
2023-05-04,-0.3028743467280872,-0.5028743467280873,-0.15287434672808725,0.19712565327191275,-0.0071858668202181425
2023-05-05,-0.2678501419595252,-0.46785014195952523,-0.11785014195952523,0.23214985804047478,0.08037464510118691
2023-05-08,-0.2944008650537908,-0.49440086505379083,-0.14440086505379082,0.20559913494620918,0.01399783736552293
2023-05-09,-0.3083640769484849,-0.508364076948485,-0.1583640769484849,0.1916359230515151,-0.02091019237121225
2023-05-10,-0.28392034593439125,-0.48392034593439126,-0.13392034593439126,0.21607965406560875,0.04019913516402185
2023-05-11,-0.28594965395815686,-0.4859496539581568,-0.13594965395815684,0.21405034604184317,0.0351258651046079
2023-05-12,-0.30604852147046957,-0.5060485214704695,-0.15604852147046958,0.19395147852953043,-0.015121303676173953
2023-05-15,-0.3047889939434792,-0.5047889939434792,-0.1547889939434792,0.1952110060565208,-0.011972484858698007
2023-05-16,-0.29121233899954724,-0.49121233899954725,-0.14121233899954724,0.20878766100045276,0.021969152501131878
2023-05-17,-0.28282298319156346,-0.48282298319156347,-0.13282298319156347,0.21717701680843654,0.04294254202109132
2023-05-18,-0.28442958370418914,-0.48442958370418915,-0.13442958370418914,0.21557041629581086,0.03892604073952713
2023-05-19,-0.29593734487394363,-0.4959373448739436,-0.1459373448739436,0.2040626551260564,0.010156637815140965
2023-05-22,-0.28170985374293367,-0.48170985374293374,-0.1317098537429337,0.2182901462570663,0.04572536564266573
2023-05-23,-0.3176244957527949,-0.5176244957527949,-0.1676244957527949,0.1823755042472051,-0.04406123938198725
2023-05-24,-0.3079181647067869,-0.5079181647067869,-0.15791816470678688,0.19208183529321313,-0.01979541176696721
2023-05-25,-0.2809966538747352,-0.4809966538747352,-0.13099665387473522,0.2190033461252648,0.04750836531316194
2023-05-26,-0.27716567615575544,-0.47716567615575545,-0.12716567615575544,0.22283432384424456,0.05708580961061138
2023-05-30,-0.2898307093861809,-0.4898307093861809,-0.1398307093861809,0.21016929061381912,0.02542322653454776
2023-05-31,-0.3013039270223531,-0.501303927022353,-0.15130392702235307,0.19869607297764694,-0.0032598175558826853
2023-06-01,-0.286377120639996,-0.486377120639996,-0.136377120639996,0.21362287936000401,0.03405719840001001
2023-06-02,-0.2871872791555205,-0.4871872791555205,-0.1371872791555205,0.2128127208444795,0.032031802111198715
2023-06-05,-0.2944424818596627,-0.49444248185966266,-0.14444248185966269,0.20555751814033732,0.013893795350843272
2023-06-06,-0.2954191583568955,-0.49541915835689543,-0.14541915835689545,0.20458084164310456,0.01145210410776136
2023-06-07,-0.3156872878376525,-0.5156872878376525,-0.1656872878376525,0.18431271216234751,-0.03921821959413124
2023-06-08,-0.28377410258068486,-0.4837741025806849,-0.13377410258068487,0.21622589741931514,0.04056474354828782
2023-06-09,-0.28772150093641574,-0.48772150093641575,-0.13772150093641575,0.21227849906358426,0.030696247658960618
2023-06-12,-0.2836536654992541,-0.4836536654992541,-0.1336536654992541,0.21634633450074592,0.04086583625186477
2023-06-13,-0.2897678313811522,-0.4897678313811522,-0.1397678313811522,0.2102321686188478,0.02558042154711948
2023-06-14,-0.29880201351231195,-0.49880201351231196,-0.14880201351231195,0.20119798648768805,0.002994966219220102
2023-06-15,-0.2872585668707388,-0.48725856687073876,-0.13725856687073879,0.21274143312926122,0.03185358282315302
2023-06-16,-0.30451416872451487,-0.5045141687245149,-0.15451416872451487,0.19548583127548513,-0.011285421811287194
2023-06-20,-0.29007979501044784,-0.49007979501044785,-0.14007979501044784,0.20992020498955216,0.024800512473880376
2023-06-21,-0.3236221104133951,-0.5236221104133951,-0.17362211041339512,0.17637788958660489,-0.059055276033487814
2023-06-22,-0.28091608323544676,-0.48091608323544677,-0.13091608323544676,0.21908391676455324,0.04770979191138308
2023-06-23,-0.31316251112044835,-0.5131625111204483,-0.16316251112044836,0.18683748887955165,-0.0329062778011209
2023-06-26,-0.3298155103433724,-0.5298155103433724,-0.1798155103433724,0.1701844896566276,-0.07453877585843101
2023-06-27,-0.28236108802324433,-0.48236108802324434,-0.13236108802324434,0.21763891197675567,0.04409727994188914
2023-06-28,-0.2870883731583676,-0.4870883731583676,-0.1370883731583676,0.2129116268416324,0.03227906710408096
2023-06-29,-0.3011262237948731,-0.501126223794873,-0.1511262237948731,0.19887377620512692,-0.002815559487182734
2023-06-30,-0.2839825675104718,-0.4839825675104718,-0.1339825675104718,0.2160174324895282,0.040043581223820485
2023-07-03,-0.2874270506418288,-0.4874270506418288,-0.13742705064182878,0.21257294935817123,0.03143237339542804
2023-07-05,-0.2946805471072874,-0.4946805471072874,-0.14468054710728742,0.20531945289271258,0.013298632231781432
2023-07-06,-0.30578888775879326,-0.5057888877587933,-0.15578888775879327,0.19421111224120674,-0.014472219396983177
2023-07-07,-0.3079803202211297,-0.5079803202211297,-0.1579803202211297,0.1920196797788703,-0.019950800552824277
2023-07-10,-0.3179053799491549,-0.5179053799491549,-0.1679053799491549,0.18209462005084512,-0.04476344987288723
2023-07-11,-0.2982565365716617,-0.4982565365716617,-0.14825653657166168,0.20174346342833832,0.004358658570845775
2023-07-12,-0.2881016905283847,-0.4881016905283847,-0.1381016905283847,0.2118983094716153,0.029745773679038245
2023-07-13,-0.27861680323819604,-0.47861680323819605,-0.12861680323819605,0.22138319676180396,0.053457991904509866
2023-07-14,-0.29304782163210974,-0.49304782163210975,-0.14304782163210975,0.20695217836789026,0.017380445919725623
2023-07-17,-0.2885953116283695,-0.48859531162836944,-0.13859531162836947,0.21140468837163054,0.02851172092907632
2023-07-18,-0.28979584254108903,-0.48979584254108904,-0.13979584254108904,0.21020415745891097,0.02551039364727739
2023-07-19,-0.30569083956312154,-0.5056908395631216,-0.15569083956312155,0.19430916043687846,-0.014227098907803881
2023-07-20,-0.33926475975500714,-0.5392647597550071,-0.18926475975500712,0.1607352402449929,-0.0981618993875178
2023-07-21,-0.304882040164138,-0.5048820401641381,-0.154882040164138,0.195117959835862,-0.012205100410345032
2023-07-24,-0.2860163897247052,-0.48601638972470523,-0.13601638972470523,0.21398361027529478,0.03495902568823692
2023-07-25,-0.29626496953604936,-0.49626496953604937,-0.14626496953604937,0.20373503046395064,0.00933757615987657
2023-07-26,-0.295162245523397,-0.495162245523397,-0.145162245523397,0.20483775447660302,0.012094386191507517
2023-07-27,-0.3146294223100594,-0.5146294223100594,-0.16462942231005942,0.18537057768994059,-0.036573555775148564
2023-07-28,-0.2743053178619879,-0.47430531786198793,-0.12430531786198792,0.22569468213801208,0.06423670534503018
2023-07-31,-0.2999017125498516,-0.4999017125498516,-0.1499017125498516,0.2000982874501484,0.0002457186253709831
2023-08-01,-0.308993172319484,-0.508993172319484,-0.15899317231948398,0.19100682768051602,-0.02248293079870997
2023-08-02,-0.3232685986506228,-0.5232685986506228,-0.1732685986506228,0.1767314013493772,-0.05817149662655702
2023-08-03,-0.2970932467834172,-0.49709324678341715,-0.14709324678341718,0.20290675321658283,0.007266883041457048
2023-08-04,-0.31685820495003847,-0.5168582049500384,-0.16685820495003845,0.18314179504996156,-0.04214551237509613
2023-08-07,-0.29829691662633073,-0.4982969166263307,-0.1482969166263307,0.2017030833736693,0.00425770843417321
2023-08-08,-0.3036762175800022,-0.5036762175800023,-0.15367621758000222,0.1963237824199978,-0.009190543950005556
2023-08-09,-0.31589123912455563,-0.5158912391245557,-0.16589123912455567,0.18410876087544434,-0.03972809781138918
2023-08-10,-0.29639869202589564,-0.4963986920258957,-0.14639869202589567,0.20360130797410433,0.009003269935260808
2023-08-11,-0.3042199484902989,-0.5042199484902989,-0.15421994849029888,0.19578005150970113,-0.010549871225747215
2023-08-14,-0.2950813663528453,-0.49508136635284533,-0.14508136635284533,0.20491863364715468,0.012296584117886672
2023-08-15,-0.31453071506333324,-0.5145307150633333,-0.16453071506333325,0.18546928493666676,-0.03632678765833314
2023-08-16,-0.31197146892969735,-0.5119714689296974,-0.16197146892969735,0.18802853107030265,-0.0299286723242434
2023-08-17,-0.31084125669108603,-0.510841256691086,-0.16084125669108604,0.18915874330891397,-0.027103141727715108
2023-08-18,-0.30836858901288033,-0.5083685890128804,-0.15836858901288034,0.19163141098711967,-0.020921472532200863
2023-08-21,-0.27388127944445123,-0.47388127944445124,-0.12388127944445124,0.22611872055554877,0.0652968013888719
2023-08-22,-0.29403495909614974,-0.49403495909614975,-0.14403495909614975,0.20596504090385026,0.014912602259625624
2023-08-23,-0.2802729755527794,-0.4802729755527794,-0.13027297555277942,0.2197270244472206,0.04931756111805144
2023-08-24,-0.32435167241364227,-0.5243516724136422,-0.17435167241364224,0.17564832758635776,-0.060879181034105626
2023-08-25,-0.2846779818238242,-0.4846779818238242,-0.1346779818238242,0.2153220181761758,0.03830504544043947
2023-08-28,-0.29488600868889703,-0.49488600868889704,-0.14488600868889703,0.20511399131110297,0.012784978277757403
2023-08-29,-0.2646716220071726,-0.4646716220071726,-0.1146716220071726,0.2353283779928274,0.0883209449820685
2023-08-30,-0.29253282587185825,-0.4925328258718582,-0.14253282587185823,0.20746717412814178,0.01866793532035442
2023-08-31,-0.29857485616983925,-0.4985748561698392,-0.14857485616983923,0.20142514383016077,0.0035628595754019082
2023-09-01,-0.31085956497883904,-0.510859564978839,-0.16085956497883905,0.18914043502116096,-0.027148912447097634
2023-09-05,-0.2844144316716647,-0.48441443167166476,-0.13441443167166472,0.21558556832833528,0.038963920820838174
2023-09-06,-0.3163553016431718,-0.5163553016431719,-0.16635530164317186,0.18364469835682815,-0.040888254107929664
2023-09-07,-0.30843671465554234,-0.5084367146555423,-0.15843671465554232,0.19156328534445768,-0.021091786638855817
2023-09-08,-0.2969599242628267,-0.4969599242628267,-0.1469599242628267,0.2030400757371733,0.0076001893429332446
2023-09-11,-0.2693842423638455,-0.4693842423638455,-0.11938424236384551,0.2306157576361545,0.07653939409038621
2023-09-12,-0.31743480253219974,-0.5174348025321998,-0.16743480253219975,0.18256519746780026,-0.04358700633049939
2023-09-13,-0.29353343725458825,-0.49353343725458826,-0.14353343725458825,0.20646656274541175,0.016166406863529353
2023-09-14,-0.28876342362257423,-0.48876342362257424,-0.13876342362257424,0.21123657637742577,0.02809144094356439
2023-09-15,-0.31003312014033024,-0.5100331201403303,-0.16003312014033028,0.18996687985966973,-0.025082800350825704
2023-09-18,-0.3037570805570363,-0.5037570805570363,-0.1537570805570363,0.1962429194429637,-0.009392701392590755
2023-09-19,-0.29785045392416665,-0.4978504539241667,-0.14785045392416668,0.20214954607583333,0.005373865189583285
2023-09-20,-0.3222954072616826,-0.5222954072616826,-0.1722954072616826,0.1777045927383174,-0.05573851815420652
2023-09-21,-0.31574817769979213,-0.5157481776997922,-0.16574817769979217,0.18425182230020784,-0.03937044424948043
2023-09-22,-0.3115236745025973,-0.5115236745025974,-0.16152367450259736,0.18847632549740265,-0.02880918625649341
2023-09-25,-0.29383048609564705,-0.49383048609564706,-0.14383048609564705,0.20616951390435295,0.015423784760882353
2023-09-26,-0.31815083073689004,-0.5181508307368901,-0.16815083073689005,0.18184916926310996,-0.04537707684222514
2023-09-27,-0.30152918506288406,-0.501529185062884,-0.15152918506288404,0.19847081493711596,-0.003822962657210119
2023-09-28,-0.28965101091432766,-0.48965101091432767,-0.13965101091432766,0.21034898908567234,0.025872472714180833
2023-09-29,-0.29606382991190816,-0.4960638299119081,-0.14606382991190814,0.20393617008809187,0.00984042522022964
2023-10-02,-0.2838271487744452,-0.4838271487744452,-0.1338271487744452,0.2161728512255548,0.04043212806388696
2023-10-03,-0.31697236499274717,-0.5169723649927471,-0.16697236499274715,0.18302763500725286,-0.04243091248186788
2023-10-04,-0.2733234426234776,-0.4733234426234776,-0.12332344262347758,0.22667655737652243,0.06669139344130603
2023-10-05,-0.2994632297924349,-0.49946322979243496,-0.14946322979243493,0.20053677020756508,0.0013419255189126705
2023-10-06,-0.284629481760065,-0.484629481760065,-0.13462948176006498,0.21537051823993503,0.03842629559983754
2023-10-09,-0.29536922592235015,-0.49536922592235016,-0.14536922592235016,0.20463077407764985,0.011576935194124588
2023-10-10,-0.29865669600559486,-0.4986566960055948,-0.14865669600559483,0.20134330399440517,0.0033582599860128987
2023-10-11,-0.2910635772710667,-0.4910635772710667,-0.1410635772710667,0.2089364227289333,0.022341056822333255
2023-10-12,-0.3060865026702937,-0.5060865026702938,-0.15608650267029373,0.19391349732970628,-0.015216256675734327
2023-10-13,-0.3156942105927457,-0.5156942105927457,-0.1656942105927457,0.1843057894072543,-0.03923552648186425
2023-10-16,-0.2902031053417866,-0.49020310534178657,-0.1402031053417866,0.2097968946582134,0.024492236645533502
2023-10-17,-0.3008266185872407,-0.5008266185872408,-0.1508266185872407,0.1991733814127593,-0.0020665464681017542
2023-10-18,-0.3182874104043283,-0.5182874104043282,-0.16828741040432826,0.18171258959567174,-0.04571852601082067
2023-10-19,-0.3234131423518988,-0.5234131423518988,-0.17341314235189878,0.17658685764810123,-0.058532855879746964
2023-10-20,-0.3204366861446955,-0.5204366861446955,-0.1704366861446955,0.1795633138553045,-0.05109171536173879
2023-10-23,-0.29557159819364226,-0.49557159819364227,-0.14557159819364227,0.20442840180635774,0.011071004515894323
2023-10-24,-0.2891869841212293,-0.4891869841212293,-0.1391869841212293,0.21081301587877072,0.02703253969692676
2023-10-25,-0.32443474585286586,-0.5244347458528659,-0.17443474585286586,0.17556525414713414,-0.06108686463216467
2023-10-26,-0.32974297855204954,-0.5297429785520495,-0.17974297855204954,0.17025702144795046,-0.07435744638012387
2023-10-27,-0.29475369139628305,-0.49475369139628306,-0.14475369139628305,0.20524630860371695,0.013115771509292357
2023-10-30,-0.29846514859314144,-0.4984651485931414,-0.14846514859314142,0.2015348514068586,0.003837128517146446
2023-10-31,-0.2951888070655141,-0.49518880706551405,-0.14518880706551407,0.20481119293448594,0.012027982336214812
2023-11-01,-0.2789007156999134,-0.47890071569991344,-0.12890071569991343,0.22109928430008657,0.05274821075021641
2023-11-02,-0.27560149866031153,-0.47560149866031154,-0.12560149866031153,0.22439850133968847,0.06099625334922115
2023-11-03,-0.2929406799210482,-0.4929406799210483,-0.14294067992104825,0.20705932007895175,0.017648300197379355
2023-11-06,-0.29241870685303706,-0.492418706853037,-0.14241870685303704,0.20758129314696297,0.018953232867407396
2023-11-07,-0.2884578996455237,-0.4884578996455237,-0.1384578996455237,0.2115421003544763,0.028855250886190703
2023-11-08,-0.29513222559816965,-0.4951322255981697,-0.14513222559816968,0.20486777440183032,0.012169436004575776
2023-11-09,-0.3189823296184229,-0.5189823296184228,-0.16898232961842286,0.18101767038157715,-0.04745582404605715
2023-11-10,-0.27791164050687944,-0.47791164050687945,-0.12791164050687945,0.22208835949312056,0.055220898732801366
2023-11-13,-0.2943990621811132,-0.49439906218111324,-0.14439906218111323,0.20560093781888678,0.01400234454721691
2023-11-14,-0.27532241086945625,-0.47532241086945626,-0.12532241086945625,0.22467758913054375,0.061693972826359356
2023-11-15,-0.29166670116940313,-0.49166670116940314,-0.14166670116940314,0.20833329883059687,0.020833247076492145
2023-11-16,-0.2986135027944206,-0.4986135027944206,-0.14861350279442062,0.20138649720557938,0.0034662430139484335
2023-11-17,-0.30663901686618755,-0.5066390168661876,-0.15663901686618759,0.19336098313381242,-0.01659754216546898
2023-11-20,-0.28937377520567925,-0.48937377520567926,-0.13937377520567926,0.21062622479432075,0.026565561985801844
2023-11-21,-0.29674113961486664,-0.49674113961486666,-0.14674113961486665,0.20325886038513336,0.00814715096283336
2023-11-22,-0.30063829632158,-0.5006382963215801,-0.15063829632158005,0.19936170367841996,-0.001595740803950127
2023-11-24,-0.3039192408055712,-0.5039192408055712,-0.15391924080557118,0.19608075919442883,-0.009798102013927959
2023-11-27,-0.29909383832770314,-0.49909383832770315,-0.14909383832770315,0.20090616167229686,0.0022654041807421144
2023-11-28,-0.2841962137440508,-0.4841962137440508,-0.1341962137440508,0.2158037862559492,0.03950946563987298
2023-11-29,-0.310485517882712,-0.510485517882712,-0.160485517882712,0.189514482117288,-0.026213794706780036
2023-11-30,-0.30789757130623363,-0.5078975713062337,-0.15789757130623364,0.19210242869376637,-0.019743928265584104
2023-12-01,-0.30362698197571614,-0.5036269819757162,-0.15362698197571614,0.19637301802428386,-0.00906745493929037
2023-12-04,-0.3143970451157354,-0.5143970451157354,-0.16439704511573539,0.18560295488426462,-0.03599261278933848
2023-12-05,-0.28574465592816367,-0.4857446559281637,-0.13574465592816368,0.21425534407183633,0.035638360179590794
2023-12-06,-0.30505037224991727,-0.5050503722499173,-0.15505037224991727,0.19494962775008273,-0.012625930624793197
2023-12-07,-0.2792393591790691,-0.4792393591790691,-0.12923935917906912,0.2207606408209309,0.05190160205232719
2023-12-08,-0.2979683538116584,-0.4979683538116585,-0.14796835381165846,0.20203164618834155,0.005079115470853837
2023-12-11,-0.31294218390125617,-0.5129421839012562,-0.1629421839012562,0.1870578160987438,-0.03235545975314051
2023-12-12,-0.3007604212395452,-0.5007604212395452,-0.15076042123954522,0.19923957876045478,-0.0019010530988630703
2023-12-13,-0.29281150924669863,-0.4928115092466987,-0.14281150924669866,0.20718849075330134,0.017971226883253325
2023-12-14,-0.29459715323569424,-0.4945971532356942,-0.14459715323569422,0.20540284676430579,0.013507116910764436
2023-12-15,-0.29376118345547164,-0.49376118345547165,-0.14376118345547165,0.20623881654452836,0.015597041361320868
2023-12-18,-0.29597404986008424,-0.49597404986008425,-0.14597404986008425,0.20402595013991576,0.010064875349789365
2023-12-19,-0.29149482142995015,-0.49149482142995016,-0.14149482142995015,0.20850517857004985,0.021262946425124607
2023-12-20,-0.3114197323855771,-0.5114197323855771,-0.1614197323855771,0.1885802676144229,-0.028549330963942784
2023-12-21,-0.2869468665110662,-0.4869468665110662,-0.13694686651106622,0.2130531334889338,0.03263283372233444
2023-12-22,-0.30099423242744117,-0.5009942324274411,-0.15099423242744114,0.19900576757255886,-0.002485581068602874
2023-12-26,-0.29645261003627243,-0.49645261003627245,-0.14645261003627244,0.20354738996372757,0.008868474909318885
2023-12-27,-0.29797421551958975,-0.49797421551958976,-0.14797421551958975,0.20202578448041025,0.005064461201025605
2023-12-28,-0.30681618347527573,-0.5068161834752758,-0.15681618347527573,0.19318381652472427,-0.017040458688189347
2023-12-29,-0.30611000360013824,-0.5061100036001382,-0.15611000360013824,0.19388999639986176,-0.015275009000345618
2024-01-02,-0.31487440599116034,-0.5148744059911603,-0.16487440599116032,0.18512559400883968,-0.03718601497790082
2024-01-03,-0.3106543165092429,-0.510654316509243,-0.16065431650924294,0.18934568349075706,-0.026635791273107376
2024-01-04,-0.30964688413032504,-0.5096468841303251,-0.15964688413032507,0.19035311586967493,-0.024117210325812696
2024-01-05,-0.3027717619426491,-0.502771761942649,-0.1527717619426491,0.1972282380573509,-0.006929404856622773
2024-01-08,-0.2804088367891875,-0.4804088367891875,-0.1304088367891875,0.2195911632108125,0.04897790802703125
2024-01-09,-0.3019286632084184,-0.5019286632084183,-0.15192866320841836,0.19807133679158165,-0.004821658021045908
2024-01-10,-0.29284937186291427,-0.49284937186291433,-0.1428493718629143,0.2071506281370857,0.01787657034271424
2024-01-11,-0.306998112784609,-0.5069981127846089,-0.15699811278460896,0.19300188721539105,-0.017495281961522405
2024-01-12,-0.3052327701929636,-0.5052327701929635,-0.15523277019296358,0.19476722980703642,-0.013081925482408968
2024-01-16,-0.3010332719725454,-0.5010332719725454,-0.15103327197254543,0.19896672802745458,-0.0025831799313635884
2024-01-17,-0.3088272652758537,-0.5088272652758538,-0.15882726527585372,0.19117273472414628,-0.022068163189634324
2024-01-18,-0.2896153283606185,-0.4896153283606185,-0.1396153283606185,0.21038467163938152,0.02596167909845376
2024-01-19,-0.2875659777467852,-0.48756597774678523,-0.13756597774678522,0.21243402225321478,0.03108505563303693
2024-01-22,-0.3027470106483719,-0.5027470106483719,-0.1527470106483719,0.1972529893516281,-0.006867526620929765
2024-01-23,-0.2947810412622316,-0.4947810412622316,-0.1447810412622316,0.2052189587377684,0.013047396844420994
2024-01-24,-0.2973350652795928,-0.4973350652795928,-0.1473350652795928,0.2026649347204072,0.006662336801017965
2024-01-25,-0.3238322852855119,-0.5238322852855118,-0.17383228528551187,0.17616771471448814,-0.05958071321377968
2024-01-26,-0.3017407795869303,-0.5017407795869303,-0.1517407795869303,0.1982592204130697,-0.004351948967325769
2024-01-29,-0.2851286149728574,-0.4851286149728574,-0.1351286149728574,0.2148713850271426,0.03717846256785645
2024-01-30,-0.30752682391913266,-0.5075268239191326,-0.15752682391913267,0.19247317608086734,-0.018817059797831687
2024-01-31,-0.33556330163305514,-0.5355633016330552,-0.18556330163305515,0.16443669836694486,-0.08890825408263789
2024-02-01,-0.2890661689774694,-0.4890661689774694,-0.1390661689774694,0.2109338310225306,0.027334577556326484
2024-02-02,-0.29654835174535593,-0.49654835174535594,-0.14654835174535594,0.20345164825464407,0.008629120636610144
2024-02-05,-0.3076170657750463,-0.5076170657750463,-0.15761706577504628,0.19238293422495373,-0.01904266443761571
2024-02-06,-0.29153446451760606,-0.4915344645176061,-0.14153446451760607,0.20846553548239394,0.021163838705984817
2024-02-07,-0.289044149354001,-0.48904414935400103,-0.13904414935400103,0.21095585064599898,0.027389626614997414
2024-02-08,-0.29784321604514374,-0.49784321604514375,-0.14784321604514375,0.20215678395485626,0.005391959887140613
2024-02-09,-0.2847056445266317,-0.48470564452663173,-0.13470564452663172,0.21529435547336828,0.03823588868342068
2024-02-12,-0.3149007461681866,-0.5149007461681866,-0.1649007461681866,0.18509925383181342,-0.03725186542046649
2024-02-13,-0.317629307164791,-0.5176293071647909,-0.16762930716479096,0.18237069283520904,-0.04407326791197742
2024-02-14,-0.2910994139037012,-0.4910994139037012,-0.1410994139037012,0.2089005860962988,0.022251465240746976
2024-02-15,-0.2920664377021782,-0.4920664377021782,-0.14206643770217822,0.20793356229782178,0.01983390574455443
2024-02-16,-0.30805478300073774,-0.5080547830007377,-0.15805478300073772,0.19194521699926229,-0.020136957501844313
2024-02-20,-0.3087777983653457,-0.5087777983653456,-0.15877779836534567,0.19122220163465434,-0.021944495913364184
2024-02-21,-0.29514563875603994,-0.4951456387560399,-0.14514563875603992,0.2048543612439601,0.01213590310990019
2024-02-22,-0.28534145658461696,-0.48534145658461697,-0.13534145658461696,0.21465854341538304,0.036646358538457574
2024-02-23,-0.3102449303472602,-0.5102449303472602,-0.16024493034726017,0.18975506965273983,-0.025612325868150446
2024-02-26,-0.30514610237613315,-0.5051461023761332,-0.15514610237613316,0.19485389762386685,-0.012865255940332915
2024-02-27,-0.2951620321639017,-0.4951620321639017,-0.1451620321639017,0.2048379678360983,0.01209491959024575
2024-02-28,-0.30338213695917016,-0.5033821369591702,-0.1533821369591702,0.19661786304082982,-0.008455342397925489
2024-02-29,-0.29321635573562027,-0.4932163557356203,-0.14321635573562028,0.20678364426437973,0.016959110660949295
2024-03-01,-0.30248283599634296,-0.5024828359963429,-0.15248283599634296,0.19751716400365704,-0.006207089990857423
2024-03-04,-0.33160807803698444,-0.5316080780369845,-0.18160807803698445,0.16839192196301556,-0.07902019509246114
2024-03-05,-0.3251187703168183,-0.5251187703168183,-0.1751187703168183,0.1748812296831817,-0.06279692579204577
2024-03-06,-0.3099065412784563,-0.5099065412784562,-0.1599065412784563,0.1900934587215437,-0.02476635319614076
2024-03-07,-0.28775168380536786,-0.4877516838053678,-0.13775168380536784,0.21224831619463216,0.030620790486580382
2024-03-08,-0.3019161075102929,-0.5019161075102929,-0.1519161075102929,0.1980838924897071,-0.004790268775732298
2024-03-11,-0.2897626437669557,-0.4897626437669558,-0.13976264376695574,0.21023735623304426,0.025593390582610634
2024-03-12,-0.29175541721892995,-0.49175541721892996,-0.14175541721892995,0.20824458278107005,0.020611456952675106
2024-03-13,-0.312429339958454,-0.5124293399584541,-0.16242933995845404,0.18757066004154596,-0.031073349896135125
2024-03-14,-0.29512939138361144,-0.49512939138361145,-0.14512939138361144,0.20487060861638856,0.012176521540971375
2024-03-15,-0.30783522561680765,-0.5078352256168077,-0.15783522561680766,0.19216477438319235,-0.019588064042019154
2024-03-18,-0.27113521452022216,-0.47113521452022217,-0.12113521452022216,0.22886478547977784,0.07216196369944458
2024-03-19,-0.2986638036354768,-0.4986638036354768,-0.1486638036354768,0.2013361963645232,0.003340490911308003
2024-03-20,-0.2847487000184778,-0.4847487000184778,-0.1347487000184778,0.2152512999815222,0.03812824995380548
2024-03-21,-0.3133922845166303,-0.5133922845166303,-0.16339228451663032,0.18660771548336968,-0.033480711291575815
2024-03-22,-0.29682522293824287,-0.4968252229382429,-0.14682522293824288,0.20317477706175713,0.007936942654392792
2024-03-25,-0.30389081024882864,-0.5038908102488286,-0.15389081024882864,0.19610918975117136,-0.009727025622071617
2024-03-26,-0.2941750299437922,-0.49417502994379225,-0.14417502994379222,0.20582497005620778,0.014562425140519433
2024-03-27,-0.291392310586844,-0.491392310586844,-0.141392310586844,0.208607689413156,0.02151922353288996
2024-03-28,-0.3081509682013357,-0.5081509682013358,-0.15815096820133573,0.19184903179866428,-0.020377420503339336
2024-04-01,-0.29092211734380724,-0.49092211734380725,-0.14092211734380722,0.2090778826561928,0.022694706640481937
2024-04-02,-0.30731998035042246,-0.5073199803504225,-0.1573199803504225,0.1926800196495775,-0.018299950876056223
2024-04-03,-0.29798441576792023,-0.49798441576792024,-0.14798441576792024,0.20201558423207977,0.005038960580199417
2024-04-04,-0.3120974149148412,-0.5120974149148412,-0.1620974149148412,0.1879025850851588,-0.03024353728710304
2024-04-05,-0.28917664182177677,-0.4891766418217768,-0.1391766418217768,0.2108233581782232,0.027058395445558006
2024-04-08,-0.29706864531531,-0.49706864531531003,-0.14706864531531,0.20293135468469,0.007328386711724969
2024-04-09,-0.29171221407882153,-0.49171221407882154,-0.1417122140788215,0.2082877859211785,0.0207194648029462
2024-04-10,-0.30769151266319944,-0.5076915126631995,-0.15769151266319945,0.19230848733680056,-0.01922878165799866
2024-04-11,-0.275783592325574,-0.475783592325574,-0.125783592325574,0.224216407674426,0.060541019186064964
2024-04-12,-0.30572342275010606,-0.5057234227501061,-0.15572342275010603,0.19427657724989397,-0.014308556875265124
2024-04-15,-0.32077534270625196,-0.5207753427062519,-0.17077534270625194,0.17922465729374806,-0.051938356765629884
2024-04-16,-0.3067184473768006,-0.5067184473768006,-0.15671844737680057,0.19328155262319943,-0.016796118442001476
2024-04-17,-0.30336093877487774,-0.5033609387748778,-0.15336093877487772,0.19663906122512229,-0.008402346937194346
2024-04-18,-0.3078774439640625,-0.5078774439640625,-0.15787744396406256,0.19212255603593745,-0.019693609910156402
2024-04-19,-0.3122149276047667,-0.5122149276047667,-0.16221492760476672,0.1877850723952333,-0.030537319011916822
2024-04-22,-0.2932248483737548,-0.4932248483737548,-0.14322484837375477,0.20677515162624524,0.01693787906561307
2024-04-23,-0.2879344378635766,-0.4879344378635766,-0.1379344378635766,0.2120655621364234,0.03016390534105849
2024-04-24,-0.28915838488581097,-0.489158384885811,-0.13915838488581098,0.21084161511418903,0.02710403778547254
2024-04-25,-0.31151452830163784,-0.5115145283016379,-0.16151452830163784,0.18848547169836216,-0.02878632075409463
2024-04-26,-0.2639132875710504,-0.46391328757105044,-0.11391328757105043,0.23608671242894957,0.09021678107237391
2024-04-29,-0.3018691702126971,-0.5018691702126971,-0.15186917021269708,0.19813082978730293,-0.004672925531742717
2024-04-30,-0.3243490857284222,-0.5243490857284222,-0.17434908572842223,0.17565091427157778,-0.060872714321055565
2024-05-01,-0.30098495056708297,-0.500984950567083,-0.150984950567083,0.199015049432917,-0.0024623764177075097
2024-05-02,-0.28826482312385787,-0.4882648231238579,-0.13826482312385788,0.21173517687614213,0.029337942190355293
2024-05-03,-0.27707817392599454,-0.47707817392599455,-0.12707817392599455,0.22292182607400546,0.05730456518501362
2024-05-06,-0.2918786936231643,-0.4918786936231643,-0.1418786936231643,0.2081213063768357,0.02030326594208924
2024-05-07,-0.30635683853251683,-0.5063568385325168,-0.15635683853251683,0.19364316146748317,-0.0158920963312921
2024-05-08,-0.3057759629004554,-0.5057759629004555,-0.15577596290045542,0.19422403709954458,-0.01443990725113857
2024-05-09,-0.2997339127023224,-0.4997339127023225,-0.14973391270232245,0.20026608729767756,0.0006652182441938687
2024-05-10,-0.3072229616643158,-0.5072229616643158,-0.1572229616643158,0.19277703833568421,-0.018057404160789492
2024-05-13,-0.2902328346062506,-0.4902328346062506,-0.1402328346062506,0.2097671653937494,0.02441791348437347
2024-05-14,-0.28700176327313326,-0.48700176327313327,-0.13700176327313326,0.21299823672686674,0.032495591817166825
2024-05-15,-0.2947517669583848,-0.4947517669583848,-0.1447517669583848,0.2052482330416152,0.013120582604038006
2024-05-16,-0.2976269985468132,-0.49762699854681314,-0.14762699854681316,0.20237300145318685,0.005932503632967087
2024-05-17,-0.2940267503209564,-0.49402675032095633,-0.14402675032095635,0.20597324967904365,0.014933124197609102
2024-05-20,-0.29729357252602534,-0.49729357252602535,-0.14729357252602535,0.20270642747397466,0.006766068684936621
2024-05-21,-0.277950419500744,-0.477950419500744,-0.127950419500744,0.222049580499256,0.05512395124813996
2024-05-22,-0.31186163695341657,-0.5118616369534166,-0.16186163695341657,0.18813836304658343,-0.02965409238354144
2024-05-23,-0.32027961344576356,-0.5202796134457636,-0.17027961344576356,0.17972038655423644,-0.05069903361440892
2024-05-24,-0.2842750650756423,-0.48427506507564233,-0.13427506507564232,0.21572493492435768,0.039312337310894174
2024-05-28,-0.3009707024577916,-0.5009707024577916,-0.15097070245779162,0.19902929754220838,-0.0024267561444790697
2024-05-29,-0.30193615508847804,-0.5019361550884781,-0.15193615508847808,0.19806384491152193,-0.004840387721195202
2024-05-30,-0.30885507419172953,-0.5088550741917295,-0.1588550741917295,0.1911449258082705,-0.02213768547932378
2024-05-31,-0.29888462552394335,-0.4988846255239433,-0.14888462552394333,0.20111537447605668,0.0027884361901416715
2024-06-03,-0.3005067555710619,-0.5005067555710618,-0.15050675557106186,0.19949324442893815,-0.0012668889276546552
2024-06-04,-0.29918389568630316,-0.49918389568630317,-0.14918389568630316,0.20081610431369684,0.002040260784242076
2024-06-05,-0.2901755619310626,-0.4901755619310626,-0.1401755619310626,0.2098244380689374,0.024561095172343506
2024-06-06,-0.29546626927764286,-0.4954662692776428,-0.14546626927764283,0.20453373072235717,0.0113343268058929
2024-06-07,-0.30130697531595574,-0.5013069753159558,-0.15130697531595577,0.19869302468404423,-0.0032674382898894433
2024-06-10,-0.30636185416486994,-0.5063618541648699,-0.15636185416486992,0.1936381458351301,-0.01590463541217481
2024-06-11,-0.28132184885346756,-0.4813218488534676,-0.1313218488534676,0.2186781511465324,0.046695377866331
2024-06-12,-0.27637908747512024,-0.47637908747512026,-0.12637908747512025,0.22362091252487976,0.05905228131219936
2024-06-13,-0.29495429536795287,-0.4949542953679529,-0.14495429536795287,0.20504570463204713,0.012614261580117803
2024-06-14,-0.3052865611411588,-0.5052865611411588,-0.15528656114115882,0.19471343885884118,-0.013216402852897075
2024-06-17,-0.27798751570936464,-0.47798751570936465,-0.12798751570936465,0.22201248429063536,0.05503121072658837
2024-06-18,-0.31057731460472,-0.51057731460472,-0.16057731460472,0.18942268539528,-0.0264432865118
2024-06-20,-0.30840071981649264,-0.5084007198164926,-0.15840071981649262,0.1915992801835074,-0.02100179954123156
2024-06-21,-0.29475267149069584,-0.4947526714906959,-0.14475267149069587,0.20524732850930413,0.013118321273260306
2024-06-24,-0.30024194612317456,-0.5002419461231745,-0.15024194612317454,0.19975805387682546,-0.000604865307936367
2024-06-25,-0.28389609338074523,-0.48389609338074524,-0.13389609338074523,0.21610390661925477,0.0402597665481369
2024-06-26,-0.282577527396897,-0.48257752739689697,-0.132577527396897,0.21742247260310302,0.043556181507757516
2024-06-27,-0.2952757374976055,-0.4952757374976055,-0.1452757374976055,0.2047242625023945,0.011810656255986235
2024-06-28,-0.31134053655845295,-0.511340536558453,-0.16134053655845298,0.18865946344154702,-0.028351341396132476
2024-07-01,-0.2807254604217964,-0.4807254604217964,-0.1307254604217964,0.21927453957820361,0.048186348945509
2024-07-02,-0.28896301316298206,-0.4889630131629821,-0.13896301316298207,0.21103698683701794,0.027592467092544783
2024-07-03,-0.2955953545547593,-0.49559535455475934,-0.14559535455475933,0.20440464544524067,0.011011613613101674
2024-07-05,-0.27990637528387574,-0.47990637528387575,-0.12990637528387572,0.22009362471612426,0.050234061790310654
2024-07-08,-0.30119972716094906,-0.5011997271609491,-0.15119972716094907,0.19880027283905094,-0.0029993179023727005
2024-07-09,-0.3037949734423012,-0.5037949734423013,-0.15379497344230125,0.19620502655769875,-0.009487433605753121
2024-07-10,-0.2849058248451756,-0.48490582484517564,-0.1349058248451756,0.2150941751548244,0.03773543788706095
2024-07-11,-0.3252070340640194,-0.5252070340640194,-0.17520703406401938,0.1747929659359806,-0.06301758516004852
2024-07-12,-0.29734864889905327,-0.4973486488990533,-0.14734864889905328,0.20265135110094673,0.006628377752366832
2024-07-15,-0.29166136247305974,-0.49166136247305975,-0.14166136247305977,0.20833863752694023,0.020846593817350587
2024-07-16,-0.30729377954562853,-0.5072937795456285,-0.15729377954562854,0.19270622045437147,-0.018234448864071346
2024-07-17,-0.3180647660834723,-0.5180647660834723,-0.1680647660834723,0.18193523391652772,-0.04516191520868075
2024-07-18,-0.31525572675071684,-0.5152557267507168,-0.16525572675071684,0.18474427324928316,-0.0381393168767921
2024-07-19,-0.3020834066176232,-0.5020834066176232,-0.15208340661762315,0.19791659338237685,-0.00520851654405791
2024-07-22,-0.28894377428246193,-0.48894377428246194,-0.1389437742824619,0.2110562257175381,0.027640564293845187
2024-07-23,-0.29648782890864445,-0.49648782890864446,-0.14648782890864442,0.20351217109135558,0.008780427728388898
2024-07-24,-0.33799066399471006,-0.5379906639947101,-0.18799066399471004,0.16200933600528994,-0.09497665998677515
2024-07-25,-0.3195372174073944,-0.5195372174073943,-0.16953721740739436,0.18046278259260565,-0.048843043518485924
2024-07-26,-0.29444623819208937,-0.4944462381920894,-0.14444623819208935,0.20555376180791066,0.013884404519776612
2024-07-29,-0.29380521482756927,-0.4938052148275693,-0.1438052148275693,0.2061947851724307,0.015486962931076726
2024-07-30,-0.3009014776627229,-0.5009014776627229,-0.15090147766272288,0.19909852233727712,-0.002253694156807243
2024-07-31,-0.296343053338876,-0.496343053338876,-0.14634305333887604,0.20365694666112397,0.009142366652809899
2024-08-01,-0.32232451441288257,-0.5223245144128825,-0.17232451441288255,0.17767548558711746,-0.05581128603220638
2024-08-02,-0.31991481682100986,-0.5199148168210099,-0.1699148168210099,0.1800851831789901,-0.04978704205252475
2024-08-05,-0.34230783273484744,-0.5423078327348474,-0.19230783273484744,0.15769216726515256,-0.10576958183711863
2024-08-06,-0.29755862198995614,-0.49755862198995615,-0.14755862198995615,0.20244137801004386,0.006103445025109622
2024-08-07,-0.30835123606327863,-0.5083512360632786,-0.1583512360632786,0.1916487639367214,-0.02087809015819654
2024-08-08,-0.27913278799409497,-0.479132787994095,-0.12913278799409497,0.22086721200590503,0.052168030014762556
2024-08-09,-0.2906751099945293,-0.4906751099945293,-0.14067510999452928,0.20932489000547072,0.023312225013676774
2024-08-12,-0.30304527251558233,-0.5030452725155823,-0.15304527251558234,0.19695472748441767,-0.007613181288955856
2024-08-13,-0.2751685450227262,-0.4751685450227262,-0.1251685450227262,0.2248314549772738,0.06207863744318448
2024-08-14,-0.31140534564225003,-0.51140534564225,-0.16140534564225004,0.18859465435774997,-0.028513364105625105
2024-08-15,-0.27606175180123926,-0.4760617518012393,-0.12606175180123927,0.22393824819876074,0.059845620496901814
2024-08-16,-0.2953234339974452,-0.49532343399744516,-0.14532343399744518,0.20467656600255482,0.011691415006387026
2024-08-19,-0.2851600211644203,-0.48516002116442036,-0.13516002116442033,0.21483997883557968,0.03709994708894916
2024-08-20,-0.29836153961014905,-0.49836153961014906,-0.14836153961014906,0.20163846038985095,0.004096150974627344
2024-08-21,-0.3000240760798134,-0.5000240760798134,-0.1500240760798134,0.1999759239201866,-6.01901995335441e-05
2024-08-22,-0.3244393275506402,-0.5244393275506403,-0.1744393275506402,0.1755606724493598,-0.06109831887660053
2024-08-23,-0.2822873262489954,-0.4822873262489954,-0.1322873262489954,0.21771267375100462,0.04428168437751151
2024-08-26,-0.30892593781633626,-0.5089259378163362,-0.15892593781633627,0.19107406218366374,-0.022314844540840678
2024-08-27,-0.30585071252549934,-0.5058507125254994,-0.15585071252549937,0.19414928747450064,-0.014626781313748435
2024-08-28,-0.310605114025432,-0.510605114025432,-0.16060511402543198,0.18939488597456802,-0.02651278506357997
2024-08-29,-0.29585086177785824,-0.4958508617778583,-0.14585086177785828,0.20414913822214173,0.010372845555354296
2024-08-30,-0.28632095661183826,-0.4863209566118383,-0.13632095661183827,0.21367904338816174,0.03419760847040432
2024-09-03,-0.3253563518887215,-0.5253563518887214,-0.17535635188872148,0.17464364811127853,-0.06339087972180371
2024-09-04,-0.2932871348175213,-0.4932871348175213,-0.14328713481752128,0.20671286518247872,0.016782162956196778
2024-09-05,-0.28506818694523384,-0.48506818694523385,-0.13506818694523384,0.21493181305476616,0.03732953263691538
2024-09-06,-0.3371625952787093,-0.5371625952787094,-0.18716259527870932,0.16283740472129068,-0.09290648819677332
2024-09-09,-0.2947565971843359,-0.4947565971843359,-0.1447565971843359,0.2052434028156641,0.01310850703916025
2024-09-10,-0.28345030309163644,-0.4834503030916365,-0.13345030309163647,0.21654969690836354,0.041374242270908815
2024-09-11,-0.28603516627682324,-0.48603516627682325,-0.13603516627682324,0.21396483372317676,0.034912084307941876
2024-09-12,-0.29012510401508085,-0.49012510401508086,-0.14012510401508085,0.20987489598491915,0.024687239962297852
2024-09-13,-0.29313030654786115,-0.49313030654786116,-0.14313030654786116,0.20686969345213885,0.01717423363034709
2024-09-16,-0.309340004453888,-0.509340004453888,-0.15934000445388802,0.190659995546112,-0.02335001113472006
2024-09-17,-0.29401861828416526,-0.49401861828416527,-0.14401861828416526,0.20598138171583474,0.014953454289586832
2024-09-18,-0.29790425509411333,-0.49790425509411335,-0.14790425509411334,0.20209574490588667,0.005239362264716635
2024-09-19,-0.2639852384447985,-0.4639852384447985,-0.11398523844479849,0.2360147615552015,0.09003690388800376
2024-09-20,-0.3063481052924457,-0.5063481052924457,-0.15634810529244572,0.19365189470755428,-0.015870263231114318
2024-09-23,-0.2929606154202302,-0.4929606154202302,-0.1429606154202302,0.2070393845797698,0.017598461449424493
2024-09-24,-0.2963654527615634,-0.4963654527615634,-0.1463654527615634,0.2036345472384366,0.00908636809609148
2024-09-25,-0.2976761856899214,-0.4976761856899214,-0.14767618568992139,0.20232381431007862,0.005809535775196523
2024-09-26,-0.30062785546321613,-0.5006278554632162,-0.15062785546321614,0.19937214453678387,-0.0015696386580403565
2024-09-27,-0.2932460093289234,-0.4932460093289235,-0.14324600932892345,0.20675399067107655,0.016884976677691357
2024-09-30,-0.288953521206645,-0.48895352120664504,-0.13895352120664503,0.21104647879335497,0.02761619698338741
2024-10-01,-0.31434862782645623,-0.5143486278264563,-0.16434862782645623,0.18565137217354377,-0.035871569566140626
2024-10-02,-0.30412638078359816,-0.5041263807835982,-0.15412638078359817,0.19587361921640184,-0.010315951958995455
2024-10-03,-0.3023006915554298,-0.5023006915554299,-0.15230069155542983,0.19769930844457018,-0.0057517288885746125
2024-10-04,-0.2958918878362943,-0.4958918878362943,-0.14589188783629425,0.20410811216370575,0.010270280409264336
2024-10-07,-0.321111886687757,-0.521111886687757,-0.17111188668775695,0.17888811331224305,-0.052779716719392425
2024-10-08,-0.2870452382144835,-0.48704523821448353,-0.13704523821448356,0.21295476178551645,0.032386904463791125
2024-10-09,-0.2977934598114115,-0.4977934598114115,-0.14779345981141145,0.20220654018858852,0.005516350471471317
2024-10-10,-0.30171175541422035,-0.5017117554142204,-0.15171175541422038,0.19828824458577962,-0.004279388535550953
2024-10-11,-0.29897677012081264,-0.49897677012081265,-0.14897677012081265,0.20102322987918736,0.0025580746979683468
2024-10-14,-0.2884615967281907,-0.48846159672819073,-0.13846159672819075,0.21153840327180926,0.028846008179523118
2024-10-15,-0.29545724754897257,-0.4954572475489726,-0.1454572475489726,0.2045427524510274,0.011356881127568516
2024-10-16,-0.30529537798248846,-0.5052953779824885,-0.1552953779824885,0.1947046220175115,-0.013238444956221222
2024-10-17,-0.30363191274569185,-0.5036319127456919,-0.15363191274569182,0.19636808725430818,-0.009079781864229605
2024-10-18,-0.29364161926483656,-0.4936416192648366,-0.14364161926483657,0.20635838073516344,0.01589595183790857
2024-10-21,-0.2958409779983277,-0.4958409779983277,-0.14584097799832768,0.20415902200167232,0.01039755500418077
2024-10-22,-0.29211920877191205,-0.49211920877191206,-0.14211920877191203,0.20788079122808797,0.0197019780702199
2024-10-23,-0.3142809023228209,-0.514280902322821,-0.16428090232282094,0.18571909767717906,-0.03570225580705236
2024-10-24,-0.3000739443839411,-0.500073944383941,-0.15007394438394106,0.19992605561605895,-0.0001848609598526917
2024-10-25,-0.29104183062812816,-0.4910418306281282,-0.14104183062812814,0.20895816937187187,0.022395423429679606
2024-10-28,-0.2954743033119991,-0.4954743033119991,-0.1454743033119991,0.2045256966880009,0.011314241720002258
2024-10-29,-0.2898593604565959,-0.4898593604565959,-0.1398593604565959,0.21014063954340412,0.025351598858510283
2024-10-30,-0.2945968441737904,-0.4945968441737904,-0.14459684417379037,0.20540315582620963,0.013507889565524026
2024-10-31,-0.3321510588490457,-0.5321510588490457,-0.18215105884904573,0.16784894115095428,-0.08037764712261433
2024-11-01,-0.3016815529392395,-0.5016815529392394,-0.1516815529392395,0.19831844706076052,-0.004203882348098705
2024-11-04,-0.30631287358339243,-0.5063128735833925,-0.15631287358339244,0.19368712641660757,-0.01578218395848111
2024-11-05,-0.2937116276278618,-0.4937116276278618,-0.1437116276278618,0.2062883723721382,0.01572093093034552
2024-11-06,-0.2824777100305276,-0.4824777100305276,-0.13247771003052758,0.21752228996947243,0.04380572492368105
2024-11-07,-0.2814726179340592,-0.4814726179340592,-0.1314726179340592,0.2185273820659408,0.046318455164851946
2024-11-08,-0.30610758590556436,-0.5061075859055644,-0.15610758590556434,0.19389241409443567,-0.015268964763910872
2024-11-11,-0.3048101079937275,-0.5048101079937275,-0.1548101079937275,0.19518989200627251,-0.012025269984318757
2024-11-12,-0.2940428265871633,-0.4940428265871633,-0.14404282658716328,0.20595717341283673,0.014892933532091777
2024-11-13,-0.3008605997729535,-0.5008605997729535,-0.1508605997729535,0.19913940022704651,-0.002151499432383756
2024-11-14,-0.2982887496100506,-0.4982887496100506,-0.14828874961005056,0.20171125038994944,0.004278125974873569
2024-11-15,-0.3201813466666041,-0.5201813466666041,-0.17018134666660406,0.17981865333339594,-0.050453366666510194
2024-11-18,-0.28955859126161226,-0.4895585912616123,-0.13955859126161227,0.21044140873838774,0.026103521845969313
2024-11-19,-0.29355467738993246,-0.4935546773899325,-0.1435546773899325,0.2064453226100675,0.016113306525168763
2024-11-20,-0.3041346694670436,-0.5041346694670436,-0.1541346694670436,0.1958653305329564,-0.010336673667608995
2024-11-21,-0.31462993351190693,-0.514629933511907,-0.16462993351190694,0.18537006648809307,-0.03657483377976737
2024-11-22,-0.29841130547830297,-0.498411305478303,-0.14841130547830297,0.20158869452169703,0.003971736304242573
2024-11-25,-0.2890601696677253,-0.4890601696677253,-0.1390601696677253,0.2109398303322747,0.027349575830686722
2024-11-26,-0.28691371748752864,-0.48691371748752865,-0.13691371748752865,0.21308628251247136,0.03271570628117834
2024-11-27,-0.30400324138007956,-0.5040032413800796,-0.1540032413800796,0.1959967586199204,-0.010008103450198962
2024-11-29,-0.29613016440686424,-0.49613016440686425,-0.14613016440686424,0.20386983559313576,0.009674588982839396
2024-12-02,-0.28088759923885354,-0.48088759923885355,-0.13088759923885354,0.21911240076114646,0.04778100190286613
2024-12-03,-0.3005911720100619,-0.500591172010062,-0.15059117201006195,0.19940882798993806,-0.0014779300251548805
2024-12-04,-0.28695577103912867,-0.4869557710391287,-0.13695577103912868,0.21304422896087133,0.032610572402178295
2024-12-05,-0.29145011307401414,-0.4914501130740141,-0.14145011307401412,0.2085498869259859,0.021374717314964695
2024-12-06,-0.2831929971957529,-0.4831929971957529,-0.13319299719575292,0.21680700280424708,0.04201750701061768
2024-12-09,-0.29307909654653835,-0.49307909654653836,-0.14307909654653836,0.20692090345346165,0.01730225863365409
2024-12-10,-0.27997928923927623,-0.47997928923927624,-0.12997928923927624,0.22002071076072377,0.0500517769018094
2024-12-11,-0.26963003531502294,-0.4696300353150229,-0.11963003531502292,0.23036996468497709,0.07592491171244269
2024-12-12,-0.30603173969893477,-0.5060317396989348,-0.15603173969893477,0.19396826030106523,-0.015079349247336948
2024-12-13,-0.2931664118853228,-0.49316641188532273,-0.14316641188532275,0.20683358811467725,0.017083970286693104
2024-12-16,-0.27044353543418403,-0.47044353543418405,-0.12044353543418404,0.22955646456581597,0.07389116141453989
2024-12-17,-0.2882008769726299,-0.4882008769726299,-0.13820087697262992,0.21179912302737008,0.029497807568425183
2024-12-18,-0.34428425547898245,-0.5442842554789824,-0.19428425547898243,0.15571574452101758,-0.11071063869745608
2024-12-19,-0.3012930812493626,-0.5012930812493627,-0.15129308124936264,0.19870691875063737,-0.003232703123406608
2024-12-20,-0.2999063379737795,-0.4999063379737795,-0.1499063379737795,0.2000936620262205,0.0002341550655512309
2024-12-23,-0.29041681712884915,-0.4904168171288491,-0.14041681712884913,0.20958318287115088,0.023957957177877173
2024-12-24,-0.27437869942135434,-0.47437869942135436,-0.12437869942135435,0.22562130057864566,0.06405325144661411
2024-12-26,-0.3049025279727061,-0.5049025279727062,-0.15490252797270612,0.19509747202729388,-0.01225631993176532
2024-12-27,-0.32388704988906725,-0.5238870498890673,-0.17388704988906725,0.17611295011093275,-0.059717624722668144
2024-12-30,-0.3166180333695781,-0.5166180333695781,-0.16661803336957812,0.1833819666304219,-0.041545083423945306
2024-12-31,-0.31477079284649967,-0.5147707928464996,-0.16477079284649965,0.18522920715350036,-0.03692698211624913
